Importer Log Report
Document: C:\Users\Andre\OneDrive\Documents\GitHub\Clarinet-Hygrothermometer\Hardware\ClarinetSensor.kicad_pcb
    Section : Analyze Document from - C:\Users\Andre\OneDrive\Documents\GitHub\Clarinet-Hygrothermometer\Hardware\ClarinetSensor.kicad_pcb
        Warning: Unknown child 'generator_version' of 'kicad_pcb'.
        Warning: Unknown child legacy_teardrops of general.
        Warning: Unknown child allow_soldermask_bridges_in_footprints of setup.
        Warning: Unknown child tenting of setup.
        Warning: Unknown child covering of setup.
        Warning: Unknown child plugging of setup.
        Warning: Unknown child capping of setup.
        Warning: Unknown child filling of setup.
        Warning: Unknown child uuid of footprint.
        Warning: Unknown child unlocked of property.
        Warning: Unknown child uuid of property.
        Warning: Unknown child sheetname of footprint.
        Warning: Unknown child sheetfile of footprint.
        Warning: Unknown child units of footprint.
        Warning: Unknown child duplicate_pad_numbers_are_jumpers of footprint.
        Warning: Unknown child stroke of fp_line.
        Warning: Unknown child uuid of fp_line.
        Warning: Unknown child stroke of fp_line.
        Warning: Unknown child uuid of fp_line.
        Warning: Unknown child stroke of fp_line.
        Warning: Unknown child uuid of fp_line.
        Warning: Unknown child stroke of fp_rect.
        Warning: Unknown child uuid of fp_rect.
        Warning: Unknown child stroke of fp_rect.
        Warning: Unknown child uuid of fp_rect.
        Warning: Unknown child unlocked of fp_text.
        Warning: Unknown child uuid of fp_text.
        Warning: Unknown child unlocked of fp_text.
        Warning: Unknown child uuid of fp_text.
        Warning: Unknown child uuid of pad.
        Warning: Pad name is empty, autogenerated name 'Un1' assigned to pad pad.
        Warning: Unknown child uuid of pad.
        Warning: Pad name is empty, autogenerated name 'Un2' assigned to pad pad.
        Warning: Unknown child uuid of pad.
        Warning: Unknown child uuid of pad.
        Warning: Unknown child uuid of pad.
        Warning: Unknown child uuid of pad.
        Warning: Unknown child uuid of pad.
        Warning: Unknown child uuid of pad.
        Warning: Unknown child uuid of pad.
        Warning: Unknown child uuid of pad.
        Warning: Unknown child uuid of pad.
        Warning: Unknown child uuid of pad.
        Warning: Unknown child uuid of pad.
        Warning: Unknown child uuid of pad.
        Warning: Unknown child uuid of pad.
        Warning: Unknown child uuid of pad.
        Warning: Unknown child uuid of pad.
        Warning: Unknown child uuid of pad.
        Warning: Unknown child property of pad.
        Warning: Unknown child remove_unused_layers of pad.
        Warning: Unknown child uuid of pad.
        Warning: Unknown child property of pad.
        Warning: Unknown child remove_unused_layers of pad.
        Warning: Unknown child uuid of pad.
        Warning: Unknown child property of pad.
        Warning: Unknown child remove_unused_layers of pad.
        Warning: Unknown child uuid of pad.
        Warning: Unknown child property of pad.
        Warning: Unknown child remove_unused_layers of pad.
        Warning: Unknown child uuid of pad.
        Warning: Unknown child embedded_fonts of footprint.
        Warning: Unknown child uuid of footprint.
        Warning: Unknown child uuid of property.
        Warning: Unknown child sheetname of footprint.
        Warning: Unknown child sheetfile of footprint.
        Warning: Unknown child units of footprint.
        Warning: Unknown child duplicate_pad_numbers_are_jumpers of footprint.
        Warning: Unknown child stroke of fp_line.
        Warning: Unknown child uuid of fp_line.
        Warning: Unknown child stroke of fp_line.
        Warning: Unknown child uuid of fp_line.
        Warning: Unknown child stroke of fp_line.
        Warning: Unknown child uuid of fp_line.
        Warning: Unknown child stroke of fp_line.
        Warning: Unknown child uuid of fp_line.
        Warning: Unknown child stroke of fp_line.
        Warning: Unknown child uuid of fp_line.
        Warning: Unknown child stroke of fp_line.
        Warning: Unknown child uuid of fp_line.
        Warning: Unknown child stroke of fp_line.
        Warning: Unknown child uuid of fp_line.
        Warning: Unknown child stroke of fp_line.
        Warning: Unknown child uuid of fp_line.
        Warning: Unknown child stroke of fp_line.
        Warning: Unknown child uuid of fp_line.
        Warning: Unknown child stroke of fp_line.
        Warning: Unknown child uuid of fp_line.
        Warning: Unknown child stroke of fp_line.
        Warning: Unknown child uuid of fp_line.
        Warning: Unknown child stroke of fp_line.
        Warning: Unknown child uuid of fp_line.
        Warning: Unknown child stroke of fp_line.
        Warning: Unknown child uuid of fp_line.
        Warning: Unknown child stroke of fp_line.
        Warning: Unknown child uuid of fp_line.
        Warning: Unknown child stroke of fp_line.
        Warning: Unknown child uuid of fp_line.
        Warning: Unknown child stroke of fp_line.
        Warning: Unknown child uuid of fp_line.
        Warning: Unknown child stroke of fp_line.
        Warning: Unknown child uuid of fp_line.
        Warning: Unknown child stroke of fp_line.
        Warning: Unknown child uuid of fp_line.
        Warning: Unknown child stroke of fp_line.
        Warning: Unknown child uuid of fp_line.
        Warning: Unknown child stroke of fp_line.
        Warning: Unknown child uuid of fp_line.
        Warning: Unknown child stroke of fp_line.
        Warning: Unknown child uuid of fp_line.
        Warning: Unknown child stroke of fp_circle.
        Warning: Unknown child uuid of fp_circle.
        Warning: Unknown child uuid of fp_text.
        Warning: Unknown child remove_unused_layers of pad.
        Warning: Unknown child uuid of pad.
        Warning: Unknown child remove_unused_layers of pad.
        Warning: Unknown child uuid of pad.
        Warning: Unknown child remove_unused_layers of pad.
        Warning: Unknown child uuid of pad.
        Warning: Unknown child remove_unused_layers of pad.
        Warning: Unknown child uuid of pad.
        Warning: Unknown child embedded_fonts of footprint.
        Warning: Unknown child uuid of footprint.
        Warning: Unknown child uuid of property.
        Warning: Unknown child sheetname of footprint.
        Warning: Unknown child sheetfile of footprint.
        Warning: Unknown child units of footprint.
        Warning: Unknown child duplicate_pad_numbers_are_jumpers of footprint.
        Warning: Unknown child stroke of fp_circle.
        Warning: Unknown child uuid of fp_circle.
        Warning: Unknown child stroke of fp_circle.
        Warning: Unknown child uuid of fp_circle.
        Warning: Unknown child uuid of fp_text.
        Warning: Unknown child uuid of pad.
        Warning: Unknown child embedded_fonts of footprint.
        Warning: Unknown child uuid of footprint.
        Warning: Unknown child uuid of property.
        Warning: Unknown child sheetname of footprint.
        Warning: Unknown child sheetfile of footprint.
        Warning: Unknown child units of footprint.
        Warning: Unknown child duplicate_pad_numbers_are_jumpers of footprint.
        Warning: Unknown child stroke of fp_line.
        Warning: Unknown child uuid of fp_line.
        Warning: Unknown child stroke of fp_line.
        Warning: Unknown child uuid of fp_line.
        Warning: Unknown child stroke of fp_rect.
        Warning: Unknown child uuid of fp_rect.
        Warning: Unknown child stroke of fp_rect.
        Warning: Unknown child uuid of fp_rect.
        Warning: Unknown child uuid of fp_text.
        Warning: Unknown child uuid of pad.
        Warning: Unknown child uuid of pad.
        Warning: Unknown child embedded_fonts of footprint.
        Warning: Unknown child uuid of footprint.
        Warning: Unknown child uuid of property.
        Warning: Unknown child sheetname of footprint.
        Warning: Unknown child sheetfile of footprint.
        Warning: Unknown child units of footprint.
        Warning: Unknown child duplicate_pad_numbers_are_jumpers of footprint.
        Warning: Unknown child stroke of fp_line.
        Warning: Unknown child uuid of fp_line.
        Warning: Unknown child stroke of fp_line.
        Warning: Unknown child uuid of fp_line.
        Warning: Unknown child stroke of fp_rect.
        Warning: Unknown child uuid of fp_rect.
        Warning: Unknown child stroke of fp_rect.
        Warning: Unknown child uuid of fp_rect.
        Warning: Unknown child uuid of fp_text.
        Warning: Unknown child uuid of pad.
        Warning: Unknown child uuid of pad.
        Warning: Unknown child embedded_fonts of footprint.
        Warning: Unknown child uuid of footprint.
        Warning: Unknown child uuid of property.
        Warning: Unknown child sheetname of footprint.
        Warning: Unknown child sheetfile of footprint.
        Warning: Unknown child units of footprint.
        Warning: Unknown child duplicate_pad_numbers_are_jumpers of footprint.
        Warning: Unknown child stroke of fp_line.
        Warning: Unknown child uuid of fp_line.
        Warning: Unknown child stroke of fp_line.
        Warning: Unknown child uuid of fp_line.
        Warning: Unknown child stroke of fp_rect.
        Warning: Unknown child uuid of fp_rect.
        Warning: Unknown child stroke of fp_rect.
        Warning: Unknown child uuid of fp_rect.
        Warning: Unknown child uuid of fp_text.
        Warning: Unknown child uuid of pad.
        Warning: Unknown child uuid of pad.
        Warning: Unknown child embedded_fonts of footprint.
        Warning: Unknown child uuid of footprint.
        Warning: Unknown child uuid of property.
        Warning: Unknown child sheetname of footprint.
        Warning: Unknown child sheetfile of footprint.
        Warning: Unknown child units of footprint.
        Warning: Unknown child duplicate_pad_numbers_are_jumpers of footprint.
        Warning: Unknown child stroke of fp_line.
        Warning: Unknown child uuid of fp_line.
        Warning: Unknown child stroke of fp_line.
        Warning: Unknown child uuid of fp_line.
        Warning: Unknown child stroke of fp_rect.
        Warning: Unknown child uuid of fp_rect.
        Warning: Unknown child stroke of fp_rect.
        Warning: Unknown child uuid of fp_rect.
        Warning: Unknown child uuid of fp_text.
        Warning: Unknown child uuid of pad.
        Warning: Unknown child uuid of pad.
        Warning: Unknown child embedded_fonts of footprint.
        Warning: Unknown child uuid of footprint.
        Warning: Unknown child uuid of property.
        Warning: Unknown child sheetname of footprint.
        Warning: Unknown child sheetfile of footprint.
        Warning: Unknown child units of footprint.
        Warning: Unknown child duplicate_pad_numbers_are_jumpers of footprint.
        Warning: Unknown child stroke of fp_line.
        Warning: Unknown child uuid of fp_line.
        Warning: Unknown child stroke of fp_line.
        Warning: Unknown child uuid of fp_line.
        Warning: Unknown child stroke of fp_line.
        Warning: Unknown child uuid of fp_line.
        Warning: Unknown child stroke of fp_line.
        Warning: Unknown child uuid of fp_line.
        Warning: Unknown child stroke of fp_line.
        Warning: Unknown child uuid of fp_line.
        Warning: Unknown child stroke of fp_line.
        Warning: Unknown child uuid of fp_line.
        Warning: Unknown child stroke of fp_line.
        Warning: Unknown child uuid of fp_line.
        Warning: Unknown child stroke of fp_line.
        Warning: Unknown child uuid of fp_line.
        Warning: Unknown child stroke of fp_line.
        Warning: Unknown child uuid of fp_line.
        Warning: Unknown child stroke of fp_line.
        Warning: Unknown child uuid of fp_line.
        Warning: Unknown child stroke of fp_line.
        Warning: Unknown child uuid of fp_line.
        Warning: Unknown child stroke of fp_line.
        Warning: Unknown child uuid of fp_line.
        Warning: Unknown child stroke of fp_line.
        Warning: Unknown child uuid of fp_line.
        Warning: Unknown child stroke of fp_line.
        Warning: Unknown child uuid of fp_line.
        Warning: Unknown child stroke of fp_line.
        Warning: Unknown child uuid of fp_line.
        Warning: Unknown child uuid of fp_text.
        Warning: Unknown child remove_unused_layers of pad.
        Warning: Unknown child uuid of pad.
        Warning: Unknown child remove_unused_layers of pad.
        Warning: Unknown child uuid of pad.
        Warning: Unknown child remove_unused_layers of pad.
        Warning: Unknown child uuid of pad.
        Warning: Unknown child remove_unused_layers of pad.
        Warning: Unknown child uuid of pad.
        Warning: Unknown child embedded_fonts of footprint.
        Warning: Unknown child uuid of footprint.
        Warning: Unknown child uuid of property.
        Warning: Unknown child sheetname of footprint.
        Warning: Unknown child sheetfile of footprint.
        Warning: Unknown child units of footprint.
        Warning: Unknown child duplicate_pad_numbers_are_jumpers of footprint.
        Warning: Unknown child stroke of fp_line.
        Warning: Unknown child uuid of fp_line.
        Warning: Unknown child stroke of fp_line.
        Warning: Unknown child uuid of fp_line.
        Warning: Unknown child stroke of fp_rect.
        Warning: Unknown child uuid of fp_rect.
        Warning: Unknown child stroke of fp_rect.
        Warning: Unknown child uuid of fp_rect.
        Warning: Unknown child uuid of fp_text.
        Warning: Unknown child uuid of pad.
        Warning: Unknown child uuid of pad.
        Warning: Unknown child embedded_fonts of footprint.
        Warning: Unknown child uuid of footprint.
        Warning: Unknown child uuid of property.
        Warning: Unknown child sheetname of footprint.
        Warning: Unknown child sheetfile of footprint.
        Warning: Unknown child units of footprint.
        Warning: Unknown child duplicate_pad_numbers_are_jumpers of footprint.
        Warning: Unknown child stroke of fp_circle.
        Warning: Unknown child uuid of fp_circle.
        Warning: Unknown child stroke of fp_circle.
        Warning: Unknown child uuid of fp_circle.
        Warning: Unknown child uuid of fp_text.
        Warning: Unknown child uuid of pad.
        Warning: Unknown child embedded_fonts of footprint.
        Warning: Unknown child uuid of footprint.
        Warning: Unknown child uuid of property.
        Warning: Unknown child sheetname of footprint.
        Warning: Unknown child sheetfile of footprint.
        Warning: Unknown child units of footprint.
        Warning: Unknown child duplicate_pad_numbers_are_jumpers of footprint.
        Warning: Unknown child stroke of fp_line.
        Warning: Unknown child uuid of fp_line.
        Warning: Unknown child stroke of fp_line.
        Warning: Unknown child uuid of fp_line.
        Warning: Unknown child stroke of fp_rect.
        Warning: Unknown child uuid of fp_rect.
        Warning: Unknown child stroke of fp_rect.
        Warning: Unknown child uuid of fp_rect.
        Warning: Unknown child uuid of fp_text.
        Warning: Unknown child uuid of pad.
        Warning: Unknown child uuid of pad.
        Warning: Unknown child embedded_fonts of footprint.
        Warning: Unknown child uuid of footprint.
        Warning: Unknown child uuid of property.
        Warning: Unknown child sheetname of footprint.
        Warning: Unknown child sheetfile of footprint.
        Warning: Unknown child units of footprint.
        Warning: Unknown child duplicate_pad_numbers_are_jumpers of footprint.
        Warning: Unknown child stroke of fp_line.
        Warning: Unknown child uuid of fp_line.
        Warning: Unknown child stroke of fp_line.
        Warning: Unknown child uuid of fp_line.
        Warning: Unknown child stroke of fp_rect.
        Warning: Unknown child uuid of fp_rect.
        Warning: Unknown child stroke of fp_rect.
        Warning: Unknown child uuid of fp_rect.
        Warning: Unknown child uuid of fp_text.
        Warning: Unknown child uuid of pad.
        Warning: Unknown child uuid of pad.
        Warning: Unknown child embedded_fonts of footprint.
        Warning: Unknown child uuid of footprint.
        Warning: Unknown child uuid of property.
        Warning: Unknown child sheetname of footprint.
        Warning: Unknown child sheetfile of footprint.
        Warning: Unknown child units of footprint.
        Warning: Unknown child duplicate_pad_numbers_are_jumpers of footprint.
        Warning: Unknown child stroke of fp_circle.
        Warning: Unknown child uuid of fp_circle.
        Warning: Unknown child stroke of fp_circle.
        Warning: Unknown child uuid of fp_circle.
        Warning: Unknown child uuid of fp_text.
        Warning: Unknown child uuid of pad.
        Warning: Unknown child embedded_fonts of footprint.
        Warning: Unknown child uuid of footprint.
        Warning: Unknown child uuid of property.
        Warning: Unknown child sheetname of footprint.
        Warning: Unknown child sheetfile of footprint.
        Warning: Unknown child units of footprint.
        Warning: Unknown child duplicate_pad_numbers_are_jumpers of footprint.
        Warning: Unknown child stroke of fp_line.
        Warning: Unknown child uuid of fp_line.
        Warning: Unknown child stroke of fp_line.
        Warning: Unknown child uuid of fp_line.
        Warning: Unknown child stroke of fp_rect.
        Warning: Unknown child uuid of fp_rect.
        Warning: Unknown child stroke of fp_rect.
        Warning: Unknown child uuid of fp_rect.
        Warning: Unknown child uuid of fp_text.
        Warning: Unknown child uuid of pad.
        Warning: Unknown child uuid of pad.
        Warning: Unknown child embedded_fonts of footprint.
        Warning: Unknown child uuid of footprint.
        Warning: Unknown child uuid of property.
        Warning: Unknown child sheetname of footprint.
        Warning: Unknown child sheetfile of footprint.
        Warning: Unknown child units of footprint.
        Warning: Unknown child duplicate_pad_numbers_are_jumpers of footprint.
        Warning: Unknown child stroke of fp_line.
        Warning: Unknown child uuid of fp_line.
        Warning: Unknown child stroke of fp_line.
        Warning: Unknown child uuid of fp_line.
        Warning: Unknown child stroke of fp_line.
        Warning: Unknown child uuid of fp_line.
        Warning: Unknown child stroke of fp_line.
        Warning: Unknown child uuid of fp_line.
        Warning: Unknown child stroke of fp_line.
        Warning: Unknown child uuid of fp_line.
        Warning: Unknown child stroke of fp_line.
        Warning: Unknown child uuid of fp_line.
        Warning: Unknown child stroke of fp_line.
        Warning: Unknown child uuid of fp_line.
        Warning: Unknown child stroke of fp_line.
        Warning: Unknown child uuid of fp_line.
        Warning: Unknown child stroke of fp_line.
        Warning: Unknown child uuid of fp_line.
        Warning: Unknown child stroke of fp_line.
        Warning: Unknown child uuid of fp_line.
        Warning: Unknown child stroke of fp_line.
        Warning: Unknown child uuid of fp_line.
        Warning: Unknown child stroke of fp_line.
        Warning: Unknown child uuid of fp_line.
        Warning: Unknown child stroke of fp_line.
        Warning: Unknown child uuid of fp_line.
        Warning: Unknown child stroke of fp_line.
        Warning: Unknown child uuid of fp_line.
        Warning: Unknown child stroke of fp_line.
        Warning: Unknown child uuid of fp_line.
        Warning: Unknown child stroke of fp_line.
        Warning: Unknown child uuid of fp_line.
        Warning: Unknown child stroke of fp_line.
        Warning: Unknown child uuid of fp_line.
        Warning: Unknown child stroke of fp_line.
        Warning: Unknown child uuid of fp_line.
        Warning: Unknown child stroke of fp_line.
        Warning: Unknown child uuid of fp_line.
        Warning: Unknown child stroke of fp_line.
        Warning: Unknown child uuid of fp_line.
        Warning: Unknown child stroke of fp_line.
        Warning: Unknown child uuid of fp_line.
        Warning: Unknown child stroke of fp_circle.
        Warning: Unknown child uuid of fp_circle.
        Warning: Unknown child uuid of fp_text.
        Warning: Unknown child remove_unused_layers of pad.
        Warning: Unknown child uuid of pad.
        Warning: Unknown child remove_unused_layers of pad.
        Warning: Unknown child uuid of pad.
        Warning: Unknown child remove_unused_layers of pad.
        Warning: Unknown child uuid of pad.
        Warning: Unknown child remove_unused_layers of pad.
        Warning: Unknown child uuid of pad.
        Warning: Unknown child embedded_fonts of footprint.
        Warning: Unknown child uuid of footprint.
        Warning: Unknown child uuid of property.
        Warning: Unknown child sheetname of footprint.
        Warning: Unknown child sheetfile of footprint.
        Warning: Unknown child units of footprint.
        Warning: Unknown child duplicate_pad_numbers_are_jumpers of footprint.
        Warning: Unknown child stroke of fp_line.
        Warning: Unknown child uuid of fp_line.
        Warning: Unknown child stroke of fp_line.
        Warning: Unknown child uuid of fp_line.
        Warning: Unknown child stroke of fp_line.
        Warning: Unknown child uuid of fp_line.
        Warning: Unknown child stroke of fp_poly.
        Warning: Unknown child uuid of fp_poly.
        Warning: Unknown child stroke of fp_line.
        Warning: Unknown child uuid of fp_line.
        Warning: Unknown child stroke of fp_line.
        Warning: Unknown child uuid of fp_line.
        Warning: Unknown child stroke of fp_line.
        Warning: Unknown child uuid of fp_line.
        Warning: Unknown child stroke of fp_line.
        Warning: Unknown child uuid of fp_line.
        Warning: Unknown child stroke of fp_line.
        Warning: Unknown child uuid of fp_line.
        Warning: Unknown child stroke of fp_line.
        Warning: Unknown child uuid of fp_line.
        Warning: Unknown child stroke of fp_line.
        Warning: Unknown child uuid of fp_line.
        Warning: Unknown child stroke of fp_line.
        Warning: Unknown child uuid of fp_line.
        Warning: Unknown child stroke of fp_line.
        Warning: Unknown child uuid of fp_line.
        Warning: Unknown child uuid of fp_text.
        Warning: Unknown child uuid of pad.
        Warning: Unknown child uuid of pad.
        Warning: Unknown child uuid of pad.
        Warning: Unknown child uuid of pad.
        Warning: Unknown child uuid of pad.
        Warning: Unknown child embedded_fonts of footprint.
        Warning: Unknown child uuid of footprint.
        Warning: Unknown child uuid of property.
        Warning: Unknown child sheetname of footprint.
        Warning: Unknown child sheetfile of footprint.
        Warning: Unknown child units of footprint.
        Warning: Unknown child duplicate_pad_numbers_are_jumpers of footprint.
        Warning: Unknown child stroke of fp_line.
        Warning: Unknown child uuid of fp_line.
        Warning: Unknown child stroke of fp_line.
        Warning: Unknown child uuid of fp_line.
        Warning: Unknown child stroke of fp_rect.
        Warning: Unknown child uuid of fp_rect.
        Warning: Unknown child stroke of fp_rect.
        Warning: Unknown child uuid of fp_rect.
        Warning: Unknown child uuid of fp_text.
        Warning: Unknown child uuid of pad.
        Warning: Unknown child uuid of pad.
        Warning: Unknown child embedded_fonts of footprint.
        Warning: Unknown child uuid of footprint.
        Warning: Unknown child uuid of property.
        Warning: Unknown child sheetname of footprint.
        Warning: Unknown child sheetfile of footprint.
        Warning: Unknown child units of footprint.
        Warning: Unknown child duplicate_pad_numbers_are_jumpers of footprint.
        Warning: Unknown child stroke of fp_line.
        Warning: Unknown child uuid of fp_line.
        Warning: Unknown child stroke of fp_line.
        Warning: Unknown child uuid of fp_line.
        Warning: Unknown child stroke of fp_rect.
        Warning: Unknown child uuid of fp_rect.
        Warning: Unknown child stroke of fp_rect.
        Warning: Unknown child uuid of fp_rect.
        Warning: Unknown child uuid of fp_text.
        Warning: Unknown child uuid of pad.
        Warning: Unknown child uuid of pad.
        Warning: Unknown child embedded_fonts of footprint.
        Warning: Unknown child uuid of footprint.
        Warning: Unknown child uuid of property.
        Warning: Unknown child sheetname of footprint.
        Warning: Unknown child sheetfile of footprint.
        Warning: Unknown child units of footprint.
        Warning: Unknown child duplicate_pad_numbers_are_jumpers of footprint.
        Warning: Unknown child stroke of fp_line.
        Warning: Unknown child uuid of fp_line.
        Warning: Unknown child stroke of fp_line.
        Warning: Unknown child uuid of fp_line.
        Warning: Unknown child stroke of fp_rect.
        Warning: Unknown child uuid of fp_rect.
        Warning: Unknown child stroke of fp_rect.
        Warning: Unknown child uuid of fp_rect.
        Warning: Unknown child uuid of fp_text.
        Warning: Unknown child uuid of pad.
        Warning: Unknown child uuid of pad.
        Warning: Unknown child embedded_fonts of footprint.
        Warning: Unknown child uuid of footprint.
        Warning: Unknown child uuid of property.
        Warning: Unknown child sheetname of footprint.
        Warning: Unknown child sheetfile of footprint.
        Warning: Unknown child units of footprint.
        Warning: Unknown child duplicate_pad_numbers_are_jumpers of footprint.
        Warning: Unknown child stroke of fp_line.
        Warning: Unknown child uuid of fp_line.
        Warning: Unknown child stroke of fp_line.
        Warning: Unknown child uuid of fp_line.
        Warning: Unknown child stroke of fp_rect.
        Warning: Unknown child uuid of fp_rect.
        Warning: Unknown child stroke of fp_rect.
        Warning: Unknown child uuid of fp_rect.
        Warning: Unknown child uuid of fp_text.
        Warning: Unknown child uuid of pad.
        Warning: Unknown child uuid of pad.
        Warning: Unknown child embedded_fonts of footprint.
        Warning: Unknown child uuid of footprint.
        Warning: Unknown child uuid of property.
        Warning: Unknown child sheetname of footprint.
        Warning: Unknown child sheetfile of footprint.
        Warning: Unknown child units of footprint.
        Warning: Unknown child duplicate_pad_numbers_are_jumpers of footprint.
        Warning: Unknown child stroke of fp_line.
        Warning: Unknown child uuid of fp_line.
        Warning: Unknown child stroke of fp_line.
        Warning: Unknown child uuid of fp_line.
        Warning: Unknown child stroke of fp_line.
        Warning: Unknown child uuid of fp_line.
        Warning: Unknown child stroke of fp_poly.
        Warning: Unknown child uuid of fp_poly.
        Warning: Unknown child stroke of fp_line.
        Warning: Unknown child uuid of fp_line.
        Warning: Unknown child stroke of fp_line.
        Warning: Unknown child uuid of fp_line.
        Warning: Unknown child stroke of fp_line.
        Warning: Unknown child uuid of fp_line.
        Warning: Unknown child stroke of fp_line.
        Warning: Unknown child uuid of fp_line.
        Warning: Unknown child stroke of fp_line.
        Warning: Unknown child uuid of fp_line.
        Warning: Unknown child stroke of fp_line.
        Warning: Unknown child uuid of fp_line.
        Warning: Unknown child stroke of fp_line.
        Warning: Unknown child uuid of fp_line.
        Warning: Unknown child stroke of fp_line.
        Warning: Unknown child uuid of fp_line.
        Warning: Unknown child stroke of fp_line.
        Warning: Unknown child uuid of fp_line.
        Warning: Unknown child uuid of fp_text.
        Warning: Unknown child uuid of pad.
        Warning: Unknown child uuid of pad.
        Warning: Unknown child uuid of pad.
        Warning: Unknown child uuid of pad.
        Warning: Unknown child uuid of pad.
        Warning: Unknown child embedded_fonts of footprint.
        Warning: Unknown child uuid of footprint.
        Warning: Unknown child uuid of property.
        Warning: Unknown child sheetname of footprint.
        Warning: Unknown child sheetfile of footprint.
        Warning: Unknown child units of footprint.
        Warning: Unknown child duplicate_pad_numbers_are_jumpers of footprint.
        Warning: Unknown child stroke of fp_line.
        Warning: Unknown child uuid of fp_line.
        Warning: Unknown child stroke of fp_line.
        Warning: Unknown child uuid of fp_line.
        Warning: Unknown child stroke of fp_line.
        Warning: Unknown child uuid of fp_line.
        Warning: Unknown child stroke of fp_line.
        Warning: Unknown child uuid of fp_line.
        Warning: Unknown child stroke of fp_line.
        Warning: Unknown child uuid of fp_line.
        Warning: Unknown child stroke of fp_line.
        Warning: Unknown child uuid of fp_line.
        Warning: Unknown child stroke of fp_poly.
        Warning: Unknown child uuid of fp_poly.
        Warning: Unknown child stroke of fp_line.
        Warning: Unknown child uuid of fp_line.
        Warning: Unknown child stroke of fp_line.
        Warning: Unknown child uuid of fp_line.
        Warning: Unknown child stroke of fp_line.
        Warning: Unknown child uuid of fp_line.
        Warning: Unknown child stroke of fp_line.
        Warning: Unknown child uuid of fp_line.
        Warning: Unknown child stroke of fp_line.
        Warning: Unknown child uuid of fp_line.
        Warning: Unknown child stroke of fp_line.
        Warning: Unknown child uuid of fp_line.
        Warning: Unknown child stroke of fp_line.
        Warning: Unknown child uuid of fp_line.
        Warning: Unknown child stroke of fp_line.
        Warning: Unknown child uuid of fp_line.
        Warning: Unknown child stroke of fp_line.
        Warning: Unknown child uuid of fp_line.
        Warning: Unknown child stroke of fp_line.
        Warning: Unknown child uuid of fp_line.
        Warning: Unknown child stroke of fp_line.
        Warning: Unknown child uuid of fp_line.
        Warning: Unknown child stroke of fp_line.
        Warning: Unknown child uuid of fp_line.
        Warning: Unknown child stroke of fp_line.
        Warning: Unknown child uuid of fp_line.
        Warning: Unknown child stroke of fp_line.
        Warning: Unknown child uuid of fp_line.
        Warning: Unknown child stroke of fp_line.
        Warning: Unknown child uuid of fp_line.
        Warning: Unknown child stroke of fp_line.
        Warning: Unknown child uuid of fp_line.
        Warning: Unknown child stroke of fp_line.
        Warning: Unknown child uuid of fp_line.
        Warning: Unknown child stroke of fp_line.
        Warning: Unknown child uuid of fp_line.
        Warning: Unknown child stroke of fp_line.
        Warning: Unknown child uuid of fp_line.
        Warning: Unknown child stroke of fp_line.
        Warning: Unknown child uuid of fp_line.
        Warning: Unknown child stroke of fp_line.
        Warning: Unknown child uuid of fp_line.
        Warning: Unknown child stroke of fp_line.
        Warning: Unknown child uuid of fp_line.
        Warning: Unknown child stroke of fp_line.
        Warning: Unknown child uuid of fp_line.
        Warning: Unknown child stroke of fp_line.
        Warning: Unknown child uuid of fp_line.
        Warning: Unknown child stroke of fp_line.
        Warning: Unknown child uuid of fp_line.
        Warning: Unknown child stroke of fp_line.
        Warning: Unknown child uuid of fp_line.
        Warning: Unknown child stroke of fp_line.
        Warning: Unknown child uuid of fp_line.
        Warning: Unknown child stroke of fp_line.
        Warning: Unknown child uuid of fp_line.
        Warning: Unknown child stroke of fp_line.
        Warning: Unknown child uuid of fp_line.
        Warning: Unknown child stroke of fp_line.
        Warning: Unknown child uuid of fp_line.
        Warning: Unknown child uuid of fp_text.
        Warning: Unknown child uuid of fp_text.
        Warning: Unknown child uuid of fp_text.
        Warning: Unknown child uuid of fp_text.
        Warning: Unknown child uuid of fp_text.
        Warning: Unknown child uuid of pad.
        Warning: Pad name is empty, autogenerated name 'Un1' assigned to pad pad.
        Warning: Unknown child uuid of pad.
        Warning: Pad name is empty, autogenerated name 'Un2' assigned to pad pad.
        Warning: Unknown child uuid of pad.
        Warning: Pad name is empty, autogenerated name 'Un3' assigned to pad pad.
        Warning: Unknown child uuid of pad.
        Warning: Pad name is empty, autogenerated name 'Un4' assigned to pad pad.
        Warning: Unknown child uuid of pad.
        Warning: Pad name is empty, autogenerated name 'Un5' assigned to pad pad.
        Warning: Unknown child uuid of pad.
        Warning: Pad name is empty, autogenerated name 'Un6' assigned to pad pad.
        Warning: Unknown child uuid of pad.
        Warning: Pad name is empty, autogenerated name 'Un7' assigned to pad pad.
        Warning: Unknown child uuid of pad.
        Warning: Pad name is empty, autogenerated name 'Un8' assigned to pad pad.
        Warning: Unknown child uuid of pad.
        Warning: Pad name is empty, autogenerated name 'Un9' assigned to pad pad.
        Warning: Unknown child uuid of pad.
        Warning: Unknown child uuid of pad.
        Warning: Unknown child uuid of pad.
        Warning: Unknown child uuid of pad.
        Warning: Unknown child uuid of pad.
        Warning: Unknown child uuid of pad.
        Warning: Unknown child uuid of pad.
        Warning: Unknown child uuid of pad.
        Warning: Unknown child uuid of pad.
        Warning: Unknown child uuid of pad.
        Warning: Unknown child uuid of pad.
        Warning: Unknown child uuid of pad.
        Warning: Unknown child uuid of pad.
        Warning: Unknown child uuid of pad.
        Warning: Unknown child uuid of pad.
        Warning: Unknown child uuid of pad.
        Warning: Unknown child uuid of pad.
        Warning: Unknown child uuid of pad.
        Warning: Unknown child property of pad.
        Warning: Unknown child remove_unused_layers of pad.
        Warning: Unknown child uuid of pad.
        Warning: Unknown child property of pad.
        Warning: Unknown child remove_unused_layers of pad.
        Warning: Unknown child uuid of pad.
        Warning: Unknown child property of pad.
        Warning: Unknown child remove_unused_layers of pad.
        Warning: Unknown child uuid of pad.
        Warning: Unknown child property of pad.
        Warning: Unknown child remove_unused_layers of pad.
        Warning: Unknown child uuid of pad.
        Warning: Unknown child property of pad.
        Warning: Unknown child remove_unused_layers of pad.
        Warning: Unknown child uuid of pad.
        Warning: Unknown child property of pad.
        Warning: Unknown child remove_unused_layers of pad.
        Warning: Unknown child uuid of pad.
        Warning: Unknown child property of pad.
        Warning: Unknown child uuid of pad.
        Warning: Unknown child property of pad.
        Warning: Unknown child remove_unused_layers of pad.
        Warning: Unknown child uuid of pad.
        Warning: Unknown child property of pad.
        Warning: Unknown child remove_unused_layers of pad.
        Warning: Unknown child uuid of pad.
        Warning: Unknown child property of pad.
        Warning: Unknown child remove_unused_layers of pad.
        Warning: Unknown child uuid of pad.
        Warning: Unknown child property of pad.
        Warning: Unknown child remove_unused_layers of pad.
        Warning: Unknown child uuid of pad.
        Warning: Unknown child property of pad.
        Warning: Unknown child remove_unused_layers of pad.
        Warning: Unknown child uuid of pad.
        Warning: Unknown child property of pad.
        Warning: Unknown child remove_unused_layers of pad.
        Warning: Unknown child uuid of pad.
        Warning: Unknown child zone of footprint.
        Warning: Unknown child embedded_fonts of footprint.
        Warning: Unknown child uuid of footprint.
        Warning: Unknown child uuid of property.
        Warning: Unknown child sheetname of footprint.
        Warning: Unknown child sheetfile of footprint.
        Warning: Unknown child units of footprint.
        Warning: Unknown child duplicate_pad_numbers_are_jumpers of footprint.
        Warning: Unknown child stroke of fp_line.
        Warning: Unknown child uuid of fp_line.
        Warning: Unknown child stroke of fp_line.
        Warning: Unknown child uuid of fp_line.
        Warning: Unknown child stroke of fp_line.
        Warning: Unknown child uuid of fp_line.
        Warning: Unknown child stroke of fp_rect.
        Warning: Unknown child uuid of fp_rect.
        Warning: Unknown child stroke of fp_line.
        Warning: Unknown child uuid of fp_line.
        Warning: Unknown child stroke of fp_line.
        Warning: Unknown child uuid of fp_line.
        Warning: Unknown child stroke of fp_line.
        Warning: Unknown child uuid of fp_line.
        Warning: Unknown child stroke of fp_line.
        Warning: Unknown child uuid of fp_line.
        Warning: Unknown child stroke of fp_line.
        Warning: Unknown child uuid of fp_line.
        Warning: Unknown child uuid of fp_text.
        Warning: Unknown child uuid of pad.
        Warning: Unknown child uuid of pad.
        Warning: Unknown child embedded_fonts of footprint.
        Warning: Unknown child uuid of footprint.
        Warning: Unknown child uuid of property.
        Warning: Unknown child sheetname of footprint.
        Warning: Unknown child sheetfile of footprint.
        Warning: Unknown child units of footprint.
        Warning: Unknown child duplicate_pad_numbers_are_jumpers of footprint.
        Warning: Unknown child stroke of fp_line.
        Warning: Unknown child uuid of fp_line.
        Warning: Unknown child stroke of fp_line.
        Warning: Unknown child uuid of fp_line.
        Warning: Unknown child stroke of fp_rect.
        Warning: Unknown child uuid of fp_rect.
        Warning: Unknown child stroke of fp_rect.
        Warning: Unknown child uuid of fp_rect.
        Warning: Unknown child uuid of fp_text.
        Warning: Unknown child uuid of pad.
        Warning: Unknown child uuid of pad.
        Warning: Unknown child embedded_fonts of footprint.
        Warning: Unknown child uuid of footprint.
        Warning: Unknown child uuid of property.
        Warning: Unknown child sheetname of footprint.
        Warning: Unknown child sheetfile of footprint.
        Warning: Unknown child units of footprint.
        Warning: Unknown child duplicate_pad_numbers_are_jumpers of footprint.
        Warning: Unknown child stroke of fp_line.
        Warning: Unknown child uuid of fp_line.
        Warning: Unknown child stroke of fp_line.
        Warning: Unknown child uuid of fp_line.
        Warning: Unknown child stroke of fp_line.
        Warning: Unknown child uuid of fp_line.
        Warning: Unknown child stroke of fp_line.
        Warning: Unknown child uuid of fp_line.
        Warning: Unknown child stroke of fp_line.
        Warning: Unknown child uuid of fp_line.
        Warning: Unknown child stroke of fp_line.
        Warning: Unknown child uuid of fp_line.
        Warning: Unknown child stroke of fp_line.
        Warning: Unknown child uuid of fp_line.
        Warning: Unknown child stroke of fp_line.
        Warning: Unknown child uuid of fp_line.
        Warning: Unknown child stroke of fp_line.
        Warning: Unknown child uuid of fp_line.
        Warning: Unknown child stroke of fp_line.
        Warning: Unknown child uuid of fp_line.
        Warning: Unknown child stroke of fp_line.
        Warning: Unknown child uuid of fp_line.
        Warning: Unknown child stroke of fp_line.
        Warning: Unknown child uuid of fp_line.
        Warning: Unknown child stroke of fp_line.
        Warning: Unknown child uuid of fp_line.
        Warning: Unknown child stroke of fp_line.
        Warning: Unknown child uuid of fp_line.
        Warning: Unknown child stroke of fp_line.
        Warning: Unknown child uuid of fp_line.
        Warning: Unknown child uuid of fp_text.
        Warning: Unknown child remove_unused_layers of pad.
        Warning: Unknown child uuid of pad.
        Warning: Unknown child remove_unused_layers of pad.
        Warning: Unknown child uuid of pad.
        Warning: Unknown child remove_unused_layers of pad.
        Warning: Unknown child uuid of pad.
        Warning: Unknown child remove_unused_layers of pad.
        Warning: Unknown child uuid of pad.
        Warning: Unknown child embedded_fonts of footprint.
        Warning: Unknown child uuid of footprint.
        Warning: Unknown child uuid of property.
        Warning: Unknown child sheetname of footprint.
        Warning: Unknown child sheetfile of footprint.
        Warning: Unknown child units of footprint.
        Warning: Unknown child duplicate_pad_numbers_are_jumpers of footprint.
        Warning: Unknown child stroke of fp_circle.
        Warning: Unknown child uuid of fp_circle.
        Warning: Unknown child stroke of fp_circle.
        Warning: Unknown child uuid of fp_circle.
        Warning: Unknown child uuid of fp_text.
        Warning: Unknown child uuid of pad.
        Warning: Unknown child embedded_fonts of footprint.
        Warning: Unknown child uuid of footprint.
        Warning: Unknown child uuid of property.
        Warning: Unknown child sheetname of footprint.
        Warning: Unknown child sheetfile of footprint.
        Warning: Unknown child units of footprint.
        Warning: Unknown child duplicate_pad_numbers_are_jumpers of footprint.
        Warning: Unknown child stroke of fp_line.
        Warning: Unknown child uuid of fp_line.
        Warning: Unknown child stroke of fp_line.
        Warning: Unknown child uuid of fp_line.
        Warning: Unknown child stroke of fp_line.
        Warning: Unknown child uuid of fp_line.
        Warning: Unknown child stroke of fp_line.
        Warning: Unknown child uuid of fp_line.
        Warning: Unknown child stroke of fp_line.
        Warning: Unknown child uuid of fp_line.
        Warning: Unknown child stroke of fp_line.
        Warning: Unknown child uuid of fp_line.
        Warning: Unknown child stroke of fp_line.
        Warning: Unknown child uuid of fp_line.
        Warning: Unknown child stroke of fp_line.
        Warning: Unknown child uuid of fp_line.
        Warning: Unknown child stroke of fp_line.
        Warning: Unknown child uuid of fp_line.
        Warning: Unknown child stroke of fp_line.
        Warning: Unknown child uuid of fp_line.
        Warning: Unknown child stroke of fp_line.
        Warning: Unknown child uuid of fp_line.
        Warning: Unknown child stroke of fp_line.
        Warning: Unknown child uuid of fp_line.
        Warning: Unknown child stroke of fp_line.
        Warning: Unknown child uuid of fp_line.
        Warning: Unknown child stroke of fp_line.
        Warning: Unknown child uuid of fp_line.
        Warning: Unknown child stroke of fp_line.
        Warning: Unknown child uuid of fp_line.
        Warning: Unknown child stroke of fp_line.
        Warning: Unknown child uuid of fp_line.
        Warning: Unknown child stroke of fp_line.
        Warning: Unknown child uuid of fp_line.
        Warning: Unknown child stroke of fp_line.
        Warning: Unknown child uuid of fp_line.
        Warning: Unknown child stroke of fp_line.
        Warning: Unknown child uuid of fp_line.
        Warning: Unknown child stroke of fp_line.
        Warning: Unknown child uuid of fp_line.
        Warning: Unknown child stroke of fp_line.
        Warning: Unknown child uuid of fp_line.
        Warning: Unknown child stroke of fp_rect.
        Warning: Unknown child uuid of fp_rect.
        Warning: Unknown child stroke of fp_rect.
        Warning: Unknown child uuid of fp_rect.
        Warning: Unknown child stroke of fp_line.
        Warning: Unknown child uuid of fp_line.
        Warning: Unknown child stroke of fp_line.
        Warning: Unknown child uuid of fp_line.
        Warning: Unknown child stroke of fp_rect.
        Warning: Unknown child uuid of fp_rect.
        Warning: Unknown child uuid of fp_text.
        Warning: Unknown child remove_unused_layers of pad.
        Warning: Unknown child uuid of pad.
        Warning: Unknown child remove_unused_layers of pad.
        Warning: Unknown child uuid of pad.
        Warning: Unknown child embedded_fonts of footprint.
        Warning: Unknown child uuid of footprint.
        Warning: Unknown child uuid of property.
        Warning: Unknown child sheetname of footprint.
        Warning: Unknown child sheetfile of footprint.
        Warning: Unknown child units of footprint.
        Warning: Unknown child duplicate_pad_numbers_are_jumpers of footprint.
        Warning: Unknown child stroke of fp_line.
        Warning: Unknown child uuid of fp_line.
        Warning: Unknown child stroke of fp_line.
        Warning: Unknown child uuid of fp_line.
        Warning: Unknown child stroke of fp_rect.
        Warning: Unknown child uuid of fp_rect.
        Warning: Unknown child stroke of fp_rect.
        Warning: Unknown child uuid of fp_rect.
        Warning: Unknown child uuid of fp_text.
        Warning: Unknown child uuid of pad.
        Warning: Unknown child uuid of pad.
        Warning: Unknown child embedded_fonts of footprint.
        Warning: Unknown child stroke of gr_rect.
        Warning: Unknown child uuid of gr_rect.
        Warning: Unknown child uuid of segment.
        Warning: Cannot assign net for segment from node: segment
        Warning: Unknown child uuid of segment.
        Warning: Cannot assign net for segment from node: segment
        Warning: Unknown child uuid of segment.
        Warning: Cannot assign net for segment from node: segment
        Warning: Unknown child uuid of segment.
        Warning: Cannot assign net for segment from node: segment
        Warning: Unknown child uuid of segment.
        Warning: Cannot assign net for segment from node: segment
        Warning: Unknown child uuid of segment.
        Warning: Cannot assign net for segment from node: segment
        Warning: Unknown child uuid of segment.
        Warning: Cannot assign net for segment from node: segment
        Warning: Unknown child uuid of segment.
        Warning: Cannot assign net for segment from node: segment
        Warning: Unknown child uuid of segment.
        Warning: Cannot assign net for segment from node: segment
        Warning: Unknown child uuid of segment.
        Warning: Cannot assign net for segment from node: segment
        Warning: Unknown child uuid of segment.
        Warning: Cannot assign net for segment from node: segment
        Warning: Unknown child uuid of segment.
        Warning: Cannot assign net for segment from node: segment
        Warning: Unknown child uuid of segment.
        Warning: Cannot assign net for segment from node: segment
        Warning: Unknown child uuid of segment.
        Warning: Cannot assign net for segment from node: segment
        Warning: Unknown child uuid of segment.
        Warning: Cannot assign net for segment from node: segment
        Warning: Unknown child uuid of segment.
        Warning: Cannot assign net for segment from node: segment
        Warning: Unknown child uuid of segment.
        Warning: Cannot assign net for segment from node: segment
        Warning: Unknown child uuid of segment.
        Warning: Cannot assign net for segment from node: segment
        Warning: Unknown child uuid of segment.
        Warning: Cannot assign net for segment from node: segment
        Warning: Unknown child uuid of segment.
        Warning: Cannot assign net for segment from node: segment
        Warning: Unknown child uuid of segment.
        Warning: Cannot assign net for segment from node: segment
        Warning: Unknown child uuid of segment.
        Warning: Cannot assign net for segment from node: segment
        Warning: Unknown child uuid of segment.
        Warning: Cannot assign net for segment from node: segment
        Warning: Unknown child uuid of segment.
        Warning: Cannot assign net for segment from node: segment
        Warning: Unknown child uuid of segment.
        Warning: Cannot assign net for segment from node: segment
        Warning: Unknown child uuid of segment.
        Warning: Cannot assign net for segment from node: segment
        Warning: Unknown child uuid of segment.
        Warning: Cannot assign net for segment from node: segment
        Warning: Unknown child uuid of segment.
        Warning: Cannot assign net for segment from node: segment
        Warning: Unknown child uuid of segment.
        Warning: Cannot assign net for segment from node: segment
        Warning: Unknown child uuid of segment.
        Warning: Cannot assign net for segment from node: segment
        Warning: Unknown child uuid of segment.
        Warning: Cannot assign net for segment from node: segment
        Warning: Unknown child uuid of segment.
        Warning: Cannot assign net for segment from node: segment
        Warning: Unknown child uuid of segment.
        Warning: Cannot assign net for segment from node: segment
        Warning: Unknown child uuid of via.
        Warning: Unknown child uuid of via.
        Warning: Unknown child uuid of via.
        Warning: Unknown child uuid of via.
        Warning: Unknown child uuid of via.
        Warning: Unknown child uuid of via.
        Warning: Unknown child uuid of via.
        Warning: Unknown child uuid of via.
        Warning: Unknown child uuid of via.
        Warning: Unknown child uuid of via.
        Warning: Unknown child uuid of via.
        Warning: Unknown child uuid of via.
        Warning: Unknown child uuid of via.
        Warning: Unknown child uuid of via.
        Warning: Unknown child uuid of via.
        Warning: Unknown child uuid of via.
        Warning: Unknown child uuid of via.
        Warning: Unknown child uuid of via.
        Warning: Unknown child uuid of via.
        Warning: Unknown child uuid of via.
        Warning: Unknown child uuid of via.
        Warning: Unknown child uuid of via.
        Warning: Unknown child uuid of via.
        Warning: Unknown child uuid of via.
        Warning: Unknown child uuid of via.
        Warning: Unknown child uuid of via.
        Warning: Unknown child uuid of via.
        Warning: Unknown child uuid of via.
        Warning: Unknown child uuid of segment.
        Warning: Cannot assign net for segment from node: segment
        Warning: Unknown child uuid of segment.
        Warning: Cannot assign net for segment from node: segment
        Warning: Unknown child uuid of segment.
        Warning: Cannot assign net for segment from node: segment
        Warning: Unknown child uuid of segment.
        Warning: Cannot assign net for segment from node: segment
        Warning: Unknown child uuid of segment.
        Warning: Cannot assign net for segment from node: segment
        Warning: Unknown child uuid of segment.
        Warning: Cannot assign net for segment from node: segment
        Warning: Unknown child uuid of segment.
        Warning: Cannot assign net for segment from node: segment
        Warning: Unknown child uuid of segment.
        Warning: Cannot assign net for segment from node: segment
        Warning: Unknown child uuid of segment.
        Warning: Cannot assign net for segment from node: segment
        Warning: Unknown child uuid of segment.
        Warning: Cannot assign net for segment from node: segment
        Warning: Unknown child uuid of segment.
        Warning: Cannot assign net for segment from node: segment
        Warning: Unknown child uuid of segment.
        Warning: Cannot assign net for segment from node: segment
        Warning: Unknown child uuid of segment.
        Warning: Cannot assign net for segment from node: segment
        Warning: Unknown child uuid of segment.
        Warning: Cannot assign net for segment from node: segment
        Warning: Unknown child uuid of segment.
        Warning: Cannot assign net for segment from node: segment
        Warning: Unknown child uuid of segment.
        Warning: Cannot assign net for segment from node: segment
        Warning: Unknown child uuid of segment.
        Warning: Cannot assign net for segment from node: segment
        Warning: Unknown child uuid of segment.
        Warning: Cannot assign net for segment from node: segment
        Warning: Unknown child uuid of segment.
        Warning: Cannot assign net for segment from node: segment
        Warning: Unknown child uuid of segment.
        Warning: Cannot assign net for segment from node: segment
        Warning: Unknown child uuid of segment.
        Warning: Cannot assign net for segment from node: segment
        Warning: Unknown child uuid of segment.
        Warning: Cannot assign net for segment from node: segment
        Warning: Unknown child uuid of via.
        Warning: Unknown child uuid of via.
        Warning: Unknown child uuid of segment.
        Warning: Cannot assign net for segment from node: segment
        Warning: Unknown child uuid of segment.
        Warning: Cannot assign net for segment from node: segment
        Warning: Unknown child uuid of segment.
        Warning: Cannot assign net for segment from node: segment
        Warning: Unknown child uuid of segment.
        Warning: Cannot assign net for segment from node: segment
        Warning: Unknown child uuid of segment.
        Warning: Cannot assign net for segment from node: segment
        Warning: Unknown child uuid of segment.
        Warning: Cannot assign net for segment from node: segment
        Warning: Unknown child uuid of segment.
        Warning: Cannot assign net for segment from node: segment
        Warning: Unknown child uuid of segment.
        Warning: Cannot assign net for segment from node: segment
        Warning: Unknown child uuid of segment.
        Warning: Cannot assign net for segment from node: segment
        Warning: Unknown child uuid of segment.
        Warning: Cannot assign net for segment from node: segment
        Warning: Unknown child uuid of segment.
        Warning: Cannot assign net for segment from node: segment
        Warning: Unknown child uuid of segment.
        Warning: Cannot assign net for segment from node: segment
        Warning: Unknown child uuid of segment.
        Warning: Cannot assign net for segment from node: segment
        Warning: Unknown child uuid of segment.
        Warning: Cannot assign net for segment from node: segment
        Warning: Unknown child uuid of segment.
        Warning: Cannot assign net for segment from node: segment
        Warning: Unknown child uuid of segment.
        Warning: Cannot assign net for segment from node: segment
        Warning: Unknown child uuid of segment.
        Warning: Cannot assign net for segment from node: segment
        Warning: Unknown child uuid of segment.
        Warning: Cannot assign net for segment from node: segment
        Warning: Unknown child uuid of segment.
        Warning: Cannot assign net for segment from node: segment
        Warning: Unknown child uuid of segment.
        Warning: Cannot assign net for segment from node: segment
        Warning: Unknown child uuid of segment.
        Warning: Cannot assign net for segment from node: segment
        Warning: Unknown child uuid of segment.
        Warning: Cannot assign net for segment from node: segment
        Warning: Unknown child uuid of segment.
        Warning: Cannot assign net for segment from node: segment
        Warning: Unknown child uuid of segment.
        Warning: Cannot assign net for segment from node: segment
        Warning: Unknown child uuid of segment.
        Warning: Cannot assign net for segment from node: segment
        Warning: Unknown child uuid of segment.
        Warning: Cannot assign net for segment from node: segment
        Warning: Unknown child uuid of segment.
        Warning: Cannot assign net for segment from node: segment
        Warning: Unknown child uuid of segment.
        Warning: Cannot assign net for segment from node: segment
        Warning: Unknown child uuid of segment.
        Warning: Cannot assign net for segment from node: segment
        Warning: Unknown child uuid of segment.
        Warning: Cannot assign net for segment from node: segment
        Warning: Unknown child uuid of segment.
        Warning: Cannot assign net for segment from node: segment
        Warning: Unknown child uuid of segment.
        Warning: Cannot assign net for segment from node: segment
        Warning: Unknown child uuid of segment.
        Warning: Cannot assign net for segment from node: segment
        Warning: Unknown child uuid of segment.
        Warning: Cannot assign net for segment from node: segment
        Warning: Unknown child uuid of segment.
        Warning: Cannot assign net for segment from node: segment
        Warning: Unknown child uuid of segment.
        Warning: Cannot assign net for segment from node: segment
        Warning: Unknown child uuid of segment.
        Warning: Cannot assign net for segment from node: segment
        Warning: Unknown child uuid of segment.
        Warning: Cannot assign net for segment from node: segment
        Warning: Unknown child uuid of segment.
        Warning: Cannot assign net for segment from node: segment
        Warning: Unknown child uuid of segment.
        Warning: Cannot assign net for segment from node: segment
        Warning: Unknown child uuid of segment.
        Warning: Cannot assign net for segment from node: segment
        Warning: Unknown child uuid of segment.
        Warning: Cannot assign net for segment from node: segment
        Warning: Unknown child uuid of segment.
        Warning: Cannot assign net for segment from node: segment
        Warning: Unknown child uuid of segment.
        Warning: Cannot assign net for segment from node: segment
        Warning: Unknown child uuid of segment.
        Warning: Cannot assign net for segment from node: segment
        Warning: Unknown child uuid of segment.
        Warning: Cannot assign net for segment from node: segment
        Warning: Unknown child uuid of segment.
        Warning: Cannot assign net for segment from node: segment
        Warning: Unknown child uuid of segment.
        Warning: Cannot assign net for segment from node: segment
        Warning: Unknown child uuid of segment.
        Warning: Cannot assign net for segment from node: segment
        Warning: Unknown child uuid of segment.
        Warning: Cannot assign net for segment from node: segment
        Warning: Unknown child uuid of segment.
        Warning: Cannot assign net for segment from node: segment
        Warning: Unknown child uuid of segment.
        Warning: Cannot assign net for segment from node: segment
        Warning: Unknown child uuid of segment.
        Warning: Cannot assign net for segment from node: segment
        Warning: Unknown child uuid of segment.
        Warning: Cannot assign net for segment from node: segment
        Warning: Unknown child uuid of segment.
        Warning: Cannot assign net for segment from node: segment
        Warning: Unknown child uuid of segment.
        Warning: Cannot assign net for segment from node: segment
        Warning: Unknown child uuid of segment.
        Warning: Cannot assign net for segment from node: segment
        Warning: Unknown child uuid of segment.
        Warning: Cannot assign net for segment from node: segment
        Warning: Unknown child uuid of segment.
        Warning: Cannot assign net for segment from node: segment
        Warning: Unknown child uuid of segment.
        Warning: Cannot assign net for segment from node: segment
        Warning: Unknown child uuid of segment.
        Warning: Cannot assign net for segment from node: segment
        Warning: Unknown child uuid of segment.
        Warning: Cannot assign net for segment from node: segment
        Warning: Unknown child uuid of segment.
        Warning: Cannot assign net for segment from node: segment
        Warning: Unknown child uuid of segment.
        Warning: Cannot assign net for segment from node: segment
        Warning: Unknown child uuid of segment.
        Warning: Cannot assign net for segment from node: segment
        Warning: Unknown child uuid of segment.
        Warning: Cannot assign net for segment from node: segment
        Warning: Unknown child uuid of segment.
        Warning: Cannot assign net for segment from node: segment
        Warning: Unknown child uuid of segment.
        Warning: Cannot assign net for segment from node: segment
        Warning: Unknown child uuid of segment.
        Warning: Cannot assign net for segment from node: segment
        Warning: Unknown child uuid of segment.
        Warning: Cannot assign net for segment from node: segment
        Warning: Unknown child uuid of segment.
        Warning: Cannot assign net for segment from node: segment
        Warning: Unknown child uuid of segment.
        Warning: Cannot assign net for segment from node: segment
        Warning: Unknown child uuid of segment.
        Warning: Cannot assign net for segment from node: segment
        Warning: Unknown child uuid of segment.
        Warning: Cannot assign net for segment from node: segment
        Warning: Unknown child uuid of segment.
        Warning: Cannot assign net for segment from node: segment
        Warning: Unknown child uuid of segment.
        Warning: Cannot assign net for segment from node: segment
        Warning: Unknown child uuid of segment.
        Warning: Cannot assign net for segment from node: segment
        Warning: Unknown child uuid of segment.
        Warning: Cannot assign net for segment from node: segment
        Warning: Unknown child uuid of segment.
        Warning: Cannot assign net for segment from node: segment
        Warning: Unknown child uuid of segment.
        Warning: Cannot assign net for segment from node: segment
        Warning: Unknown child uuid of segment.
        Warning: Cannot assign net for segment from node: segment
        Warning: Unknown child uuid of segment.
        Warning: Cannot assign net for segment from node: segment
        Warning: Unknown child uuid of segment.
        Warning: Cannot assign net for segment from node: segment
        Warning: Unknown child uuid of segment.
        Warning: Cannot assign net for segment from node: segment
        Warning: Unknown child uuid of segment.
        Warning: Cannot assign net for segment from node: segment
        Warning: Unknown child uuid of segment.
        Warning: Cannot assign net for segment from node: segment
        Warning: Unknown child uuid of segment.
        Warning: Cannot assign net for segment from node: segment
        Warning: Unknown child uuid of segment.
        Warning: Cannot assign net for segment from node: segment
        Warning: Unknown child uuid of segment.
        Warning: Cannot assign net for segment from node: segment
        Warning: Unknown child uuid of segment.
        Warning: Cannot assign net for segment from node: segment
        Warning: Unknown child uuid of segment.
        Warning: Cannot assign net for segment from node: segment
        Warning: Unknown child uuid of segment.
        Warning: Cannot assign net for segment from node: segment
        Warning: Unknown child uuid of segment.
        Warning: Cannot assign net for segment from node: segment
        Warning: Unknown child uuid of segment.
        Warning: Cannot assign net for segment from node: segment
        Warning: Unknown child uuid of segment.
        Warning: Cannot assign net for segment from node: segment
        Warning: Unknown child uuid of segment.
        Warning: Cannot assign net for segment from node: segment
        Warning: Unknown child uuid of segment.
        Warning: Cannot assign net for segment from node: segment
        Warning: Unknown child uuid of segment.
        Warning: Cannot assign net for segment from node: segment
        Warning: Unknown child uuid of segment.
        Warning: Cannot assign net for segment from node: segment
        Warning: Unknown child uuid of via.
        Warning: Unknown child uuid of via.
        Warning: Unknown child uuid of segment.
        Warning: Cannot assign net for segment from node: segment
        Warning: Unknown child uuid of segment.
        Warning: Cannot assign net for segment from node: segment
        Warning: Unknown child uuid of segment.
        Warning: Cannot assign net for segment from node: segment
        Warning: Unknown child uuid of segment.
        Warning: Cannot assign net for segment from node: segment
        Warning: Unknown child uuid of segment.
        Warning: Cannot assign net for segment from node: segment
        Warning: Unknown child uuid of segment.
        Warning: Cannot assign net for segment from node: segment
        Warning: Unknown child uuid of segment.
        Warning: Cannot assign net for segment from node: segment
        Warning: Unknown child uuid of segment.
        Warning: Cannot assign net for segment from node: segment
        Warning: Unknown child uuid of segment.
        Warning: Cannot assign net for segment from node: segment
        Warning: Unknown child uuid of segment.
        Warning: Cannot assign net for segment from node: segment
        Warning: Unknown child uuid of segment.
        Warning: Cannot assign net for segment from node: segment
        Warning: Unknown child uuid of segment.
        Warning: Cannot assign net for segment from node: segment
        Warning: Unknown child uuid of segment.
        Warning: Cannot assign net for segment from node: segment
        Warning: Unknown child uuid of segment.
        Warning: Cannot assign net for segment from node: segment
        Warning: Unknown child uuid of segment.
        Warning: Cannot assign net for segment from node: segment
        Warning: Unknown child uuid of segment.
        Warning: Cannot assign net for segment from node: segment
        Warning: Unknown child uuid of segment.
        Warning: Cannot assign net for segment from node: segment
        Warning: Unknown child uuid of segment.
        Warning: Cannot assign net for segment from node: segment
        Warning: Unknown child uuid of segment.
        Warning: Cannot assign net for segment from node: segment
        Warning: Unknown child uuid of segment.
        Warning: Cannot assign net for segment from node: segment
        Warning: Unknown child uuid of segment.
        Warning: Cannot assign net for segment from node: segment
        Warning: Unknown child uuid of segment.
        Warning: Cannot assign net for segment from node: segment
        Warning: Unknown child uuid of segment.
        Warning: Cannot assign net for segment from node: segment
        Warning: Unknown child uuid of segment.
        Warning: Cannot assign net for segment from node: segment
        Warning: Unknown child uuid of segment.
        Warning: Cannot assign net for segment from node: segment
        Warning: Unknown child uuid of segment.
        Warning: Cannot assign net for segment from node: segment
        Warning: Unknown child uuid of segment.
        Warning: Cannot assign net for segment from node: segment
        Warning: Unknown child uuid of segment.
        Warning: Cannot assign net for segment from node: segment
        Warning: Unknown child uuid of via.
        Warning: Unknown child uuid of via.
        Warning: Unknown child uuid of segment.
        Warning: Cannot assign net for segment from node: segment
        Warning: Unknown child uuid of segment.
        Warning: Cannot assign net for segment from node: segment
        Warning: Unknown child uuid of segment.
        Warning: Cannot assign net for segment from node: segment
        Warning: Unknown child uuid of segment.
        Warning: Cannot assign net for segment from node: segment
        Warning: Unknown child uuid of segment.
        Warning: Cannot assign net for segment from node: segment
        Warning: Unknown child uuid of segment.
        Warning: Cannot assign net for segment from node: segment
        Warning: Unknown child uuid of segment.
        Warning: Cannot assign net for segment from node: segment
        Warning: Unknown child uuid of segment.
        Warning: Cannot assign net for segment from node: segment
        Warning: Unknown child uuid of segment.
        Warning: Cannot assign net for segment from node: segment
        Warning: Unknown child uuid of segment.
        Warning: Cannot assign net for segment from node: segment
        Warning: Unknown child uuid of segment.
        Warning: Cannot assign net for segment from node: segment
        Warning: Unknown child uuid of zone.
        Warning: Unknown child island_removal_mode of fill.
        Warning: Unknown child uuid of zone.
        Warning: Unknown child island_removal_mode of fill.
        Warning: Unknown child 'embedded_fonts' of 'kicad_pcb'.
    EndSection
    Section : Import Document - C:\Users\Andre\OneDrive\Documents\GitHub\Clarinet-Hygrothermometer\Hardware\Altium_Files\Imported ClarinetSensor\ClarinetSensor(1).PcbDoc
        Event: Nets was imported.
        Event: Net Classes was imported.
        Event: Component J1 was successfully imported.
        Event: Component SW2 was successfully imported.
        Event: Component VBAT was successfully imported.
        Event: Component R3 was successfully imported.
        Event: Component C7 was successfully imported.
        Event: Component C4 was successfully imported.
        Event: Component R6 was successfully imported.
        Event: Component J4 was successfully imported.
        Event: Component C6 was successfully imported.
        Event: Component 5V was successfully imported.
        Event: Component C2 was successfully imported.
        Event: Component C1 was successfully imported.
        Event: Component 3V3 was successfully imported.
        Event: Component R7 was successfully imported.
        Event: Component SW1 was successfully imported.
        Event: Component U2 was successfully imported.
        Event: Component C5 was successfully imported.
        Event: Component C3 was successfully imported.
        Event: Component R1 was successfully imported.
        Event: Component R5 was successfully imported.
        Event: Component U1 was successfully imported.
        Event: Component U3 was successfully imported.
        Event: Component D1 was successfully imported.
        Event: Component R4 was successfully imported.
        Event: Component J3 was successfully imported.
        Event: Component GND was successfully imported.
        Event: Component J2 was successfully imported.
        Event: Component R2 was successfully imported.
        Event: Rect was successfully imported.
        Error: Import is not implemented for: KiCadLib.PCB.PCBLine
        Event: Line with 2 vertices was successfully imported.
        Error: Import is not implemented for: KiCadLib.PCB.PCBLine
        Event: Line with 2 vertices was successfully imported.
        Error: Import is not implemented for: KiCadLib.PCB.PCBLine
        Event: Line with 2 vertices was successfully imported.
        Error: Import is not implemented for: KiCadLib.PCB.PCBLine
        Event: Line with 2 vertices was successfully imported.
        Error: Import is not implemented for: KiCadLib.PCB.PCBLine
        Event: Line with 2 vertices was successfully imported.
        Error: Import is not implemented for: KiCadLib.PCB.PCBLine
        Event: Line with 2 vertices was successfully imported.
        Error: Import is not implemented for: KiCadLib.PCB.PCBLine
        Event: Line with 2 vertices was successfully imported.
        Error: Import is not implemented for: KiCadLib.PCB.PCBLine
        Event: Line with 2 vertices was successfully imported.
        Error: Import is not implemented for: KiCadLib.PCB.PCBLine
        Event: Line with 2 vertices was successfully imported.
        Error: Import is not implemented for: KiCadLib.PCB.PCBLine
        Event: Line with 2 vertices was successfully imported.
        Error: Import is not implemented for: KiCadLib.PCB.PCBLine
        Event: Line with 2 vertices was successfully imported.
        Error: Import is not implemented for: KiCadLib.PCB.PCBLine
        Event: Line with 2 vertices was successfully imported.
        Error: Import is not implemented for: KiCadLib.PCB.PCBLine
        Event: Line with 2 vertices was successfully imported.
        Error: Import is not implemented for: KiCadLib.PCB.PCBLine
        Event: Line with 2 vertices was successfully imported.
        Error: Import is not implemented for: KiCadLib.PCB.PCBLine
        Event: Line with 2 vertices was successfully imported.
        Error: Import is not implemented for: KiCadLib.PCB.PCBLine
        Event: Line with 2 vertices was successfully imported.
        Error: Import is not implemented for: KiCadLib.PCB.PCBLine
        Event: Line with 2 vertices was successfully imported.
        Error: Import is not implemented for: KiCadLib.PCB.PCBLine
        Event: Line with 2 vertices was successfully imported.
        Error: Import is not implemented for: KiCadLib.PCB.PCBLine
        Event: Line with 2 vertices was successfully imported.
        Error: Import is not implemented for: KiCadLib.PCB.PCBLine
        Event: Line with 2 vertices was successfully imported.
        Error: Import is not implemented for: KiCadLib.PCB.PCBLine
        Event: Line with 2 vertices was successfully imported.
        Error: Import is not implemented for: KiCadLib.PCB.PCBLine
        Event: Line with 2 vertices was successfully imported.
        Error: Import is not implemented for: KiCadLib.PCB.PCBLine
        Event: Line with 2 vertices was successfully imported.
        Error: Import is not implemented for: KiCadLib.PCB.PCBLine
        Event: Line with 2 vertices was successfully imported.
        Error: Import is not implemented for: KiCadLib.PCB.PCBLine
        Event: Line with 2 vertices was successfully imported.
        Error: Import is not implemented for: KiCadLib.PCB.PCBLine
        Event: Line with 2 vertices was successfully imported.
        Error: Import is not implemented for: KiCadLib.PCB.PCBLine
        Event: Line with 2 vertices was successfully imported.
        Error: Import is not implemented for: KiCadLib.PCB.PCBLine
        Event: Line with 2 vertices was successfully imported.
        Error: Import is not implemented for: KiCadLib.PCB.PCBLine
        Event: Line with 2 vertices was successfully imported.
        Error: Import is not implemented for: KiCadLib.PCB.PCBLine
        Event: Line with 2 vertices was successfully imported.
        Error: Import is not implemented for: KiCadLib.PCB.PCBLine
        Event: Line with 2 vertices was successfully imported.
        Error: Import is not implemented for: KiCadLib.PCB.PCBLine
        Event: Line with 2 vertices was successfully imported.
        Error: Import is not implemented for: KiCadLib.PCB.PCBLine
        Event: Line with 2 vertices was successfully imported.
        Event: Via on [178.98,-86.8625] was successfully imported.
        Event: Via on [161.45,-72.24] was successfully imported.
        Event: Via on [182.73,-86.07] was successfully imported.
        Event: Via on [175.91,-88.4225] was successfully imported.
        Event: Via on [193.31,-79.71] was successfully imported.
        Event: Via on [182.77,-90.36] was successfully imported.
        Event: Via on [172.9,-87.2625] was successfully imported.
        Event: Via on [175.63,-90] was successfully imported.
        Event: Via on [167.91,-83.14] was successfully imported.
        Event: Via on [160.88,-66.37] was successfully imported.
        Event: Via on [195.01,-69.61] was successfully imported.
        Event: Via on [190.77,-78.6825] was successfully imported.
        Event: Via on [174.42,-89.82] was successfully imported.
        Event: Via on [179.09,-66.87] was successfully imported.
        Event: Via on [185.08,-60.56] was successfully imported.
        Event: Via on [167.11,-67.95] was successfully imported.
        Event: Via on [164.97,-70.18] was successfully imported.
        Event: Via on [179.07,-57.19] was successfully imported.
        Event: Via on [183.67,-77.55] was successfully imported.
        Event: Via on [175.2,-88.99] was successfully imported.
        Event: Via on [194.6,-73.37] was successfully imported.
        Event: Via on [193.28,-78.6325] was successfully imported.
        Event: Via on [181.55,-84.37] was successfully imported.
        Event: Via on [193.23,-73.38] was successfully imported.
        Event: Via on [168.81,-57.15] was successfully imported.
        Event: Via on [192,-79.21] was successfully imported.
        Event: Via on [180.29,-86.9425] was successfully imported.
        Event: Via on [193.53,-82.89] was successfully imported.
        Error: Import is not implemented for: KiCadLib.PCB.PCBLine
        Event: Line with 2 vertices was successfully imported.
        Error: Import is not implemented for: KiCadLib.PCB.PCBLine
        Event: Line with 2 vertices was successfully imported.
        Error: Import is not implemented for: KiCadLib.PCB.PCBLine
        Event: Line with 2 vertices was successfully imported.
        Error: Import is not implemented for: KiCadLib.PCB.PCBLine
        Event: Line with 2 vertices was successfully imported.
        Error: Import is not implemented for: KiCadLib.PCB.PCBLine
        Event: Line with 2 vertices was successfully imported.
        Error: Import is not implemented for: KiCadLib.PCB.PCBLine
        Event: Line with 2 vertices was successfully imported.
        Error: Import is not implemented for: KiCadLib.PCB.PCBLine
        Event: Line with 2 vertices was successfully imported.
        Error: Import is not implemented for: KiCadLib.PCB.PCBLine
        Event: Line with 2 vertices was successfully imported.
        Error: Import is not implemented for: KiCadLib.PCB.PCBLine
        Event: Line with 2 vertices was successfully imported.
        Error: Import is not implemented for: KiCadLib.PCB.PCBLine
        Event: Line with 2 vertices was successfully imported.
        Error: Import is not implemented for: KiCadLib.PCB.PCBLine
        Event: Line with 2 vertices was successfully imported.
        Error: Import is not implemented for: KiCadLib.PCB.PCBLine
        Event: Line with 2 vertices was successfully imported.
        Error: Import is not implemented for: KiCadLib.PCB.PCBLine
        Event: Line with 2 vertices was successfully imported.
        Error: Import is not implemented for: KiCadLib.PCB.PCBLine
        Event: Line with 2 vertices was successfully imported.
        Error: Import is not implemented for: KiCadLib.PCB.PCBLine
        Event: Line with 2 vertices was successfully imported.
        Error: Import is not implemented for: KiCadLib.PCB.PCBLine
        Event: Line with 2 vertices was successfully imported.
        Error: Import is not implemented for: KiCadLib.PCB.PCBLine
        Event: Line with 2 vertices was successfully imported.
        Error: Import is not implemented for: KiCadLib.PCB.PCBLine
        Event: Line with 2 vertices was successfully imported.
        Error: Import is not implemented for: KiCadLib.PCB.PCBLine
        Event: Line with 2 vertices was successfully imported.
        Error: Import is not implemented for: KiCadLib.PCB.PCBLine
        Event: Line with 2 vertices was successfully imported.
        Error: Import is not implemented for: KiCadLib.PCB.PCBLine
        Event: Line with 2 vertices was successfully imported.
        Error: Import is not implemented for: KiCadLib.PCB.PCBLine
        Event: Line with 2 vertices was successfully imported.
        Event: Via on [192.18,-82.86] was successfully imported.
        Event: Via on [185.96,-82.88] was successfully imported.
        Error: Import is not implemented for: KiCadLib.PCB.PCBLine
        Event: Line with 2 vertices was successfully imported.
        Error: Import is not implemented for: KiCadLib.PCB.PCBLine
        Event: Line with 2 vertices was successfully imported.
        Error: Import is not implemented for: KiCadLib.PCB.PCBLine
        Event: Line with 2 vertices was successfully imported.
        Error: Import is not implemented for: KiCadLib.PCB.PCBLine
        Event: Line with 2 vertices was successfully imported.
        Error: Import is not implemented for: KiCadLib.PCB.PCBLine
        Event: Line with 2 vertices was successfully imported.
        Error: Import is not implemented for: KiCadLib.PCB.PCBLine
        Event: Line with 2 vertices was successfully imported.
        Error: Import is not implemented for: KiCadLib.PCB.PCBLine
        Event: Line with 2 vertices was successfully imported.
        Error: Import is not implemented for: KiCadLib.PCB.PCBLine
        Event: Line with 2 vertices was successfully imported.
        Error: Import is not implemented for: KiCadLib.PCB.PCBLine
        Event: Line with 2 vertices was successfully imported.
        Error: Import is not implemented for: KiCadLib.PCB.PCBLine
        Event: Line with 2 vertices was successfully imported.
        Error: Import is not implemented for: KiCadLib.PCB.PCBLine
        Event: Line with 2 vertices was successfully imported.
        Error: Import is not implemented for: KiCadLib.PCB.PCBLine
        Event: Line with 2 vertices was successfully imported.
        Error: Import is not implemented for: KiCadLib.PCB.PCBLine
        Event: Line with 2 vertices was successfully imported.
        Error: Import is not implemented for: KiCadLib.PCB.PCBLine
        Event: Line with 2 vertices was successfully imported.
        Error: Import is not implemented for: KiCadLib.PCB.PCBLine
        Event: Line with 2 vertices was successfully imported.
        Error: Import is not implemented for: KiCadLib.PCB.PCBLine
        Event: Line with 2 vertices was successfully imported.
        Error: Import is not implemented for: KiCadLib.PCB.PCBLine
        Event: Line with 2 vertices was successfully imported.
        Error: Import is not implemented for: KiCadLib.PCB.PCBLine
        Event: Line with 2 vertices was successfully imported.
        Error: Import is not implemented for: KiCadLib.PCB.PCBLine
        Event: Line with 2 vertices was successfully imported.
        Error: Import is not implemented for: KiCadLib.PCB.PCBLine
        Event: Line with 2 vertices was successfully imported.
        Error: Import is not implemented for: KiCadLib.PCB.PCBLine
        Event: Line with 2 vertices was successfully imported.
        Error: Import is not implemented for: KiCadLib.PCB.PCBLine
        Event: Line with 2 vertices was successfully imported.
        Error: Import is not implemented for: KiCadLib.PCB.PCBLine
        Event: Line with 2 vertices was successfully imported.
        Error: Import is not implemented for: KiCadLib.PCB.PCBLine
        Event: Line with 2 vertices was successfully imported.
        Error: Import is not implemented for: KiCadLib.PCB.PCBLine
        Event: Line with 2 vertices was successfully imported.
        Error: Import is not implemented for: KiCadLib.PCB.PCBLine
        Event: Line with 2 vertices was successfully imported.
        Error: Import is not implemented for: KiCadLib.PCB.PCBLine
        Event: Line with 2 vertices was successfully imported.
        Error: Import is not implemented for: KiCadLib.PCB.PCBLine
        Event: Line with 2 vertices was successfully imported.
        Error: Import is not implemented for: KiCadLib.PCB.PCBLine
        Event: Line with 2 vertices was successfully imported.
        Error: Import is not implemented for: KiCadLib.PCB.PCBLine
        Event: Line with 2 vertices was successfully imported.
        Error: Import is not implemented for: KiCadLib.PCB.PCBLine
        Event: Line with 2 vertices was successfully imported.
        Error: Import is not implemented for: KiCadLib.PCB.PCBLine
        Event: Line with 2 vertices was successfully imported.
        Error: Import is not implemented for: KiCadLib.PCB.PCBLine
        Event: Line with 2 vertices was successfully imported.
        Error: Import is not implemented for: KiCadLib.PCB.PCBLine
        Event: Line with 2 vertices was successfully imported.
        Error: Import is not implemented for: KiCadLib.PCB.PCBLine
        Event: Line with 2 vertices was successfully imported.
        Error: Import is not implemented for: KiCadLib.PCB.PCBLine
        Event: Line with 2 vertices was successfully imported.
        Error: Import is not implemented for: KiCadLib.PCB.PCBLine
        Event: Line with 2 vertices was successfully imported.
        Error: Import is not implemented for: KiCadLib.PCB.PCBLine
        Event: Line with 2 vertices was successfully imported.
        Error: Import is not implemented for: KiCadLib.PCB.PCBLine
        Event: Line with 2 vertices was successfully imported.
        Error: Import is not implemented for: KiCadLib.PCB.PCBLine
        Event: Line with 2 vertices was successfully imported.
        Error: Import is not implemented for: KiCadLib.PCB.PCBLine
        Event: Line with 2 vertices was successfully imported.
        Error: Import is not implemented for: KiCadLib.PCB.PCBLine
        Event: Line with 2 vertices was successfully imported.
        Error: Import is not implemented for: KiCadLib.PCB.PCBLine
        Event: Line with 2 vertices was successfully imported.
        Error: Import is not implemented for: KiCadLib.PCB.PCBLine
        Event: Line with 2 vertices was successfully imported.
        Error: Import is not implemented for: KiCadLib.PCB.PCBLine
        Event: Line with 2 vertices was successfully imported.
        Error: Import is not implemented for: KiCadLib.PCB.PCBLine
        Event: Line with 2 vertices was successfully imported.
        Error: Import is not implemented for: KiCadLib.PCB.PCBLine
        Event: Line with 2 vertices was successfully imported.
        Error: Import is not implemented for: KiCadLib.PCB.PCBLine
        Event: Line with 2 vertices was successfully imported.
        Error: Import is not implemented for: KiCadLib.PCB.PCBLine
        Event: Line with 2 vertices was successfully imported.
        Error: Import is not implemented for: KiCadLib.PCB.PCBLine
        Event: Line with 2 vertices was successfully imported.
        Error: Import is not implemented for: KiCadLib.PCB.PCBLine
        Event: Line with 2 vertices was successfully imported.
        Error: Import is not implemented for: KiCadLib.PCB.PCBLine
        Event: Line with 2 vertices was successfully imported.
        Error: Import is not implemented for: KiCadLib.PCB.PCBLine
        Event: Line with 2 vertices was successfully imported.
        Error: Import is not implemented for: KiCadLib.PCB.PCBLine
        Event: Line with 2 vertices was successfully imported.
        Error: Import is not implemented for: KiCadLib.PCB.PCBLine
        Event: Line with 2 vertices was successfully imported.
        Error: Import is not implemented for: KiCadLib.PCB.PCBLine
        Event: Line with 2 vertices was successfully imported.
        Error: Import is not implemented for: KiCadLib.PCB.PCBLine
        Event: Line with 2 vertices was successfully imported.
        Error: Import is not implemented for: KiCadLib.PCB.PCBLine
        Event: Line with 2 vertices was successfully imported.
        Error: Import is not implemented for: KiCadLib.PCB.PCBLine
        Event: Line with 2 vertices was successfully imported.
        Error: Import is not implemented for: KiCadLib.PCB.PCBLine
        Event: Line with 2 vertices was successfully imported.
        Error: Import is not implemented for: KiCadLib.PCB.PCBLine
        Event: Line with 2 vertices was successfully imported.
        Error: Import is not implemented for: KiCadLib.PCB.PCBLine
        Event: Line with 2 vertices was successfully imported.
        Error: Import is not implemented for: KiCadLib.PCB.PCBLine
        Event: Line with 2 vertices was successfully imported.
        Error: Import is not implemented for: KiCadLib.PCB.PCBLine
        Event: Line with 2 vertices was successfully imported.
        Error: Import is not implemented for: KiCadLib.PCB.PCBLine
        Event: Line with 2 vertices was successfully imported.
        Error: Import is not implemented for: KiCadLib.PCB.PCBLine
        Event: Line with 2 vertices was successfully imported.
        Error: Import is not implemented for: KiCadLib.PCB.PCBLine
        Event: Line with 2 vertices was successfully imported.
        Error: Import is not implemented for: KiCadLib.PCB.PCBLine
        Event: Line with 2 vertices was successfully imported.
        Error: Import is not implemented for: KiCadLib.PCB.PCBLine
        Event: Line with 2 vertices was successfully imported.
        Error: Import is not implemented for: KiCadLib.PCB.PCBLine
        Event: Line with 2 vertices was successfully imported.
        Error: Import is not implemented for: KiCadLib.PCB.PCBLine
        Event: Line with 2 vertices was successfully imported.
        Error: Import is not implemented for: KiCadLib.PCB.PCBLine
        Event: Line with 2 vertices was successfully imported.
        Error: Import is not implemented for: KiCadLib.PCB.PCBLine
        Event: Line with 2 vertices was successfully imported.
        Error: Import is not implemented for: KiCadLib.PCB.PCBLine
        Event: Line with 2 vertices was successfully imported.
        Error: Import is not implemented for: KiCadLib.PCB.PCBLine
        Event: Line with 2 vertices was successfully imported.
        Error: Import is not implemented for: KiCadLib.PCB.PCBLine
        Event: Line with 2 vertices was successfully imported.
        Error: Import is not implemented for: KiCadLib.PCB.PCBLine
        Event: Line with 2 vertices was successfully imported.
        Error: Import is not implemented for: KiCadLib.PCB.PCBLine
        Event: Line with 2 vertices was successfully imported.
        Error: Import is not implemented for: KiCadLib.PCB.PCBLine
        Event: Line with 2 vertices was successfully imported.
        Error: Import is not implemented for: KiCadLib.PCB.PCBLine
        Event: Line with 2 vertices was successfully imported.
        Error: Import is not implemented for: KiCadLib.PCB.PCBLine
        Event: Line with 2 vertices was successfully imported.
        Error: Import is not implemented for: KiCadLib.PCB.PCBLine
        Event: Line with 2 vertices was successfully imported.
        Error: Import is not implemented for: KiCadLib.PCB.PCBLine
        Event: Line with 2 vertices was successfully imported.
        Error: Import is not implemented for: KiCadLib.PCB.PCBLine
        Event: Line with 2 vertices was successfully imported.
        Error: Import is not implemented for: KiCadLib.PCB.PCBLine
        Event: Line with 2 vertices was successfully imported.
        Error: Import is not implemented for: KiCadLib.PCB.PCBLine
        Event: Line with 2 vertices was successfully imported.
        Error: Import is not implemented for: KiCadLib.PCB.PCBLine
        Event: Line with 2 vertices was successfully imported.
        Error: Import is not implemented for: KiCadLib.PCB.PCBLine
        Event: Line with 2 vertices was successfully imported.
        Error: Import is not implemented for: KiCadLib.PCB.PCBLine
        Event: Line with 2 vertices was successfully imported.
        Error: Import is not implemented for: KiCadLib.PCB.PCBLine
        Event: Line with 2 vertices was successfully imported.
        Error: Import is not implemented for: KiCadLib.PCB.PCBLine
        Event: Line with 2 vertices was successfully imported.
        Error: Import is not implemented for: KiCadLib.PCB.PCBLine
        Event: Line with 2 vertices was successfully imported.
        Error: Import is not implemented for: KiCadLib.PCB.PCBLine
        Event: Line with 2 vertices was successfully imported.
        Error: Import is not implemented for: KiCadLib.PCB.PCBLine
        Event: Line with 2 vertices was successfully imported.
        Error: Import is not implemented for: KiCadLib.PCB.PCBLine
        Event: Line with 2 vertices was successfully imported.
        Error: Import is not implemented for: KiCadLib.PCB.PCBLine
        Event: Line with 2 vertices was successfully imported.
        Error: Import is not implemented for: KiCadLib.PCB.PCBLine
        Event: Line with 2 vertices was successfully imported.
        Error: Import is not implemented for: KiCadLib.PCB.PCBLine
        Event: Line with 2 vertices was successfully imported.
        Error: Import is not implemented for: KiCadLib.PCB.PCBLine
        Event: Line with 2 vertices was successfully imported.
        Event: Via on [183.33,-76.1] was successfully imported.
        Event: Via on [186.2575,-76.1] was successfully imported.
        Error: Import is not implemented for: KiCadLib.PCB.PCBLine
        Event: Line with 2 vertices was successfully imported.
        Error: Import is not implemented for: KiCadLib.PCB.PCBLine
        Event: Line with 2 vertices was successfully imported.
        Error: Import is not implemented for: KiCadLib.PCB.PCBLine
        Event: Line with 2 vertices was successfully imported.
        Error: Import is not implemented for: KiCadLib.PCB.PCBLine
        Event: Line with 2 vertices was successfully imported.
        Error: Import is not implemented for: KiCadLib.PCB.PCBLine
        Event: Line with 2 vertices was successfully imported.
        Error: Import is not implemented for: KiCadLib.PCB.PCBLine
        Event: Line with 2 vertices was successfully imported.
        Error: Import is not implemented for: KiCadLib.PCB.PCBLine
        Event: Line with 2 vertices was successfully imported.
        Error: Import is not implemented for: KiCadLib.PCB.PCBLine
        Event: Line with 2 vertices was successfully imported.
        Error: Import is not implemented for: KiCadLib.PCB.PCBLine
        Event: Line with 2 vertices was successfully imported.
        Error: Import is not implemented for: KiCadLib.PCB.PCBLine
        Event: Line with 2 vertices was successfully imported.
        Error: Import is not implemented for: KiCadLib.PCB.PCBLine
        Event: Line with 2 vertices was successfully imported.
        Error: Import is not implemented for: KiCadLib.PCB.PCBLine
        Event: Line with 2 vertices was successfully imported.
        Error: Import is not implemented for: KiCadLib.PCB.PCBLine
        Event: Line with 2 vertices was successfully imported.
        Error: Import is not implemented for: KiCadLib.PCB.PCBLine
        Event: Line with 2 vertices was successfully imported.
        Error: Import is not implemented for: KiCadLib.PCB.PCBLine
        Event: Line with 2 vertices was successfully imported.
        Error: Import is not implemented for: KiCadLib.PCB.PCBLine
        Event: Line with 2 vertices was successfully imported.
        Error: Import is not implemented for: KiCadLib.PCB.PCBLine
        Event: Line with 2 vertices was successfully imported.
        Error: Import is not implemented for: KiCadLib.PCB.PCBLine
        Event: Line with 2 vertices was successfully imported.
        Error: Import is not implemented for: KiCadLib.PCB.PCBLine
        Event: Line with 2 vertices was successfully imported.
        Error: Import is not implemented for: KiCadLib.PCB.PCBLine
        Event: Line with 2 vertices was successfully imported.
        Error: Import is not implemented for: KiCadLib.PCB.PCBLine
        Event: Line with 2 vertices was successfully imported.
        Error: Import is not implemented for: KiCadLib.PCB.PCBLine
        Event: Line with 2 vertices was successfully imported.
        Error: Import is not implemented for: KiCadLib.PCB.PCBLine
        Event: Line with 2 vertices was successfully imported.
        Error: Import is not implemented for: KiCadLib.PCB.PCBLine
        Event: Line with 2 vertices was successfully imported.
        Error: Import is not implemented for: KiCadLib.PCB.PCBLine
        Event: Line with 2 vertices was successfully imported.
        Error: Import is not implemented for: KiCadLib.PCB.PCBLine
        Event: Line with 2 vertices was successfully imported.
        Error: Import is not implemented for: KiCadLib.PCB.PCBLine
        Event: Line with 2 vertices was successfully imported.
        Error: Import is not implemented for: KiCadLib.PCB.PCBLine
        Event: Line with 2 vertices was successfully imported.
        Event: Via on [168.59,-68.03] was successfully imported.
        Event: Via on [168.59,-65.66] was successfully imported.
        Error: Import is not implemented for: KiCadLib.PCB.PCBLine
        Event: Line with 2 vertices was successfully imported.
        Error: Import is not implemented for: KiCadLib.PCB.PCBLine
        Event: Line with 2 vertices was successfully imported.
        Error: Import is not implemented for: KiCadLib.PCB.PCBLine
        Event: Line with 2 vertices was successfully imported.
        Error: Import is not implemented for: KiCadLib.PCB.PCBLine
        Event: Line with 2 vertices was successfully imported.
        Error: Import is not implemented for: KiCadLib.PCB.PCBLine
        Event: Line with 2 vertices was successfully imported.
        Error: Import is not implemented for: KiCadLib.PCB.PCBLine
        Event: Line with 2 vertices was successfully imported.
        Error: Import is not implemented for: KiCadLib.PCB.PCBLine
        Event: Line with 2 vertices was successfully imported.
        Error: Import is not implemented for: KiCadLib.PCB.PCBLine
        Event: Line with 2 vertices was successfully imported.
        Error: Import is not implemented for: KiCadLib.PCB.PCBLine
        Event: Line with 2 vertices was successfully imported.
        Error: Import is not implemented for: KiCadLib.PCB.PCBLine
        Event: Line with 2 vertices was successfully imported.
        Error: Import is not implemented for: KiCadLib.PCB.PCBLine
        Event: Line with 2 vertices was successfully imported.
        Event: Zone with 4 vertices was successfully imported.
        Event: Zone with 4 vertices was successfully imported.
        Section : Component J1 importing.
            Error: Import is not implemented for: KiCadLib.PCB.PCBLine
            Event: Line with 2 vertices was successfully imported.
            Error: Import is not implemented for: KiCadLib.PCB.PCBLine
            Event: Line with 2 vertices was successfully imported.
            Error: Import is not implemented for: KiCadLib.PCB.PCBLine
            Event: Line with 2 vertices was successfully imported.
            Event: Rect was successfully imported.
            Event: Rect was successfully imported.
            Event: Text 'user PCB Edge' was successfully imported.
            Event: Text 'user ${REFERENCE}' was successfully imported.
            Event: Pad Un1 on [-2.89,2.605] was successfully imported.
            Event: Pad Un2 on [2.89,2.605] was successfully imported.
            Event: Pad A1 on [-3.2,3.68] was successfully imported.
            Event: Pad A4 on [-2.4,3.68] was successfully imported.
            Event: Pad A5 on [-1.25,3.68] was successfully imported.
            Event: Pad A6 on [-0.25,3.68] was successfully imported.
            Event: Pad A7 on [0.25,3.68] was successfully imported.
            Event: Pad A8 on [1.25,3.68] was successfully imported.
            Event: Pad A9 on [2.4,3.68] was successfully imported.
            Event: Pad A12 on [3.2,3.68] was successfully imported.
            Event: Pad B1 on [3.2,3.68] was successfully imported.
            Event: Pad B4 on [2.4,3.68] was successfully imported.
            Event: Pad B5 on [1.75,3.68] was successfully imported.
            Event: Pad B6 on [0.75,3.68] was successfully imported.
            Event: Pad B7 on [-0.75,3.68] was successfully imported.
            Event: Pad B8 on [-1.75,3.68] was successfully imported.
            Event: Pad B9 on [-2.4,3.68] was successfully imported.
            Event: Pad B12 on [-3.2,3.68] was successfully imported.
            Event: Pad SH on [-4.32,3.105] was successfully imported.
            Event: Pad SH on [-4.32,-1.075] was successfully imported.
            Event: Pad SH on [4.32,3.105] was successfully imported.
            Event: Pad SH on [4.32,-1.075] was successfully imported.
        EndSection
        Section : Component SW2 importing.
            Error: Import is not implemented for: KiCadLib.PCB.PCBLine
            Event: Line with 2 vertices was successfully imported.
            Error: Import is not implemented for: KiCadLib.PCB.PCBLine
            Event: Line with 2 vertices was successfully imported.
            Error: Import is not implemented for: KiCadLib.PCB.PCBLine
            Event: Line with 2 vertices was successfully imported.
            Error: Import is not implemented for: KiCadLib.PCB.PCBLine
            Event: Line with 2 vertices was successfully imported.
            Error: Import is not implemented for: KiCadLib.PCB.PCBLine
            Event: Line with 13 vertices was successfully imported.
            Error: Import is not implemented for: KiCadLib.PCB.PCBLine
            Event: Line with 2 vertices was successfully imported.
            Error: Import is not implemented for: KiCadLib.PCB.PCBLine
            Event: Line with 2 vertices was successfully imported.
            Error: Import is not implemented for: KiCadLib.PCB.PCBLine
            Event: Line with 2 vertices was successfully imported.
            Error: Import is not implemented for: KiCadLib.PCB.PCBLine
            Event: Line with 2 vertices was successfully imported.
            Error: Import is not implemented for: KiCadLib.PCB.PCBLine
            Event: Line with 2 vertices was successfully imported.
            Event: Rect was successfully imported.
            Event: Text 'user ${REFERENCE}' was successfully imported.
            Event: Pad 1 on [0,-0] was successfully imported.
            Event: Pad 1 on [6.5,-0] was successfully imported.
            Event: Pad 2 on [0,-4.5] was successfully imported.
            Event: Pad 2 on [6.5,-4.5] was successfully imported.
        EndSection
        Section : Component VBAT importing.
            Event: Rect was successfully imported.
            Event: Rect was successfully imported.
            Event: Text 'user ${REFERENCE}' was successfully imported.
            Event: Pad 1 on [0,-0] was successfully imported.
        EndSection
        Section : Component R3 importing.
            Error: Import is not implemented for: KiCadLib.PCB.PCBLine
            Event: Line with 2 vertices was successfully imported.
            Error: Import is not implemented for: KiCadLib.PCB.PCBLine
            Event: Line with 2 vertices was successfully imported.
            Event: Rect was successfully imported.
            Event: Rect was successfully imported.
            Event: Text 'user ${REFERENCE}' was successfully imported.
            Event: Pad 1 on [-1,-0] was successfully imported.
            Event: Pad 2 on [1,-0] was successfully imported.
        EndSection
        Section : Component C7 importing.
            Error: Import is not implemented for: KiCadLib.PCB.PCBLine
            Event: Line with 2 vertices was successfully imported.
            Error: Import is not implemented for: KiCadLib.PCB.PCBLine
            Event: Line with 2 vertices was successfully imported.
            Event: Rect was successfully imported.
            Event: Rect was successfully imported.
            Event: Text 'user ${REFERENCE}' was successfully imported.
            Event: Pad 1 on [-1.0375,-0] was successfully imported.
            Event: Pad 2 on [1.0375,-0] was successfully imported.
        EndSection
        Section : Component C4 importing.
            Error: Import is not implemented for: KiCadLib.PCB.PCBLine
            Event: Line with 2 vertices was successfully imported.
            Error: Import is not implemented for: KiCadLib.PCB.PCBLine
            Event: Line with 2 vertices was successfully imported.
            Event: Rect was successfully imported.
            Event: Rect was successfully imported.
            Event: Text 'user ${REFERENCE}' was successfully imported.
            Event: Pad 1 on [-1.0375,-0] was successfully imported.
            Event: Pad 2 on [1.0375,-0] was successfully imported.
        EndSection
        Section : Component R6 importing.
            Error: Import is not implemented for: KiCadLib.PCB.PCBLine
            Event: Line with 2 vertices was successfully imported.
            Error: Import is not implemented for: KiCadLib.PCB.PCBLine
            Event: Line with 2 vertices was successfully imported.
            Event: Rect was successfully imported.
            Event: Rect was successfully imported.
            Event: Text 'user ${REFERENCE}' was successfully imported.
            Event: Pad 1 on [-1,-0] was successfully imported.
            Event: Pad 2 on [1,-0] was successfully imported.
        EndSection
        Section : Component J4 importing.
            Error: Import is not implemented for: KiCadLib.PCB.PCBLine
            Event: Line with 5 vertices was successfully imported.
            Error: Import is not implemented for: KiCadLib.PCB.PCBLine
            Event: Line with 3 vertices was successfully imported.
            Error: Import is not implemented for: KiCadLib.PCB.PCBLine
            Event: Line with 5 vertices was successfully imported.
            Error: Import is not implemented for: KiCadLib.PCB.PCBLine
            Event: Line with 2 vertices was successfully imported.
            Error: Import is not implemented for: KiCadLib.PCB.PCBLine
            Event: Line with 2 vertices was successfully imported.
            Error: Import is not implemented for: KiCadLib.PCB.PCBLine
            Event: Line with 2 vertices was successfully imported.
            Error: Import is not implemented for: KiCadLib.PCB.PCBLine
            Event: Line with 2 vertices was successfully imported.
            Error: Import is not implemented for: KiCadLib.PCB.PCBLine
            Event: Line with 2 vertices was successfully imported.
            Event: Text 'user ${REFERENCE}' was successfully imported.
            Event: Pad 1 on [0,-0] was successfully imported.
            Event: Pad 2 on [0,-2.54] was successfully imported.
            Event: Pad 3 on [0,-5.08] was successfully imported.
            Event: Pad 4 on [0,-7.62] was successfully imported.
        EndSection
        Section : Component C6 importing.
            Error: Import is not implemented for: KiCadLib.PCB.PCBLine
            Event: Line with 2 vertices was successfully imported.
            Error: Import is not implemented for: KiCadLib.PCB.PCBLine
            Event: Line with 2 vertices was successfully imported.
            Event: Rect was successfully imported.
            Event: Rect was successfully imported.
            Event: Text 'user ${REFERENCE}' was successfully imported.
            Event: Pad 1 on [-1.0375,-0] was successfully imported.
            Event: Pad 2 on [1.0375,-0] was successfully imported.
        EndSection
        Section : Component 5V importing.
            Event: Rect was successfully imported.
            Event: Rect was successfully imported.
            Event: Text 'user ${REFERENCE}' was successfully imported.
            Event: Pad 1 on [0,-0] was successfully imported.
        EndSection
        Section : Component C2 importing.
            Error: Import is not implemented for: KiCadLib.PCB.PCBLine
            Event: Line with 2 vertices was successfully imported.
            Error: Import is not implemented for: KiCadLib.PCB.PCBLine
            Event: Line with 2 vertices was successfully imported.
            Event: Rect was successfully imported.
            Event: Rect was successfully imported.
            Event: Text 'user ${REFERENCE}' was successfully imported.
            Event: Pad 1 on [-1.0375,-0] was successfully imported.
            Event: Pad 2 on [1.0375,-0] was successfully imported.
        EndSection
        Section : Component C1 importing.
            Error: Import is not implemented for: KiCadLib.PCB.PCBLine
            Event: Line with 2 vertices was successfully imported.
            Error: Import is not implemented for: KiCadLib.PCB.PCBLine
            Event: Line with 2 vertices was successfully imported.
            Event: Rect was successfully imported.
            Event: Rect was successfully imported.
            Event: Text 'user ${REFERENCE}' was successfully imported.
            Event: Pad 1 on [-1.0375,-0] was successfully imported.
            Event: Pad 2 on [1.0375,-0] was successfully imported.
        EndSection
        Section : Component 3V3 importing.
            Event: Rect was successfully imported.
            Event: Rect was successfully imported.
            Event: Text 'user ${REFERENCE}' was successfully imported.
            Event: Pad 1 on [0,-0] was successfully imported.
        EndSection
        Section : Component R7 importing.
            Error: Import is not implemented for: KiCadLib.PCB.PCBLine
            Event: Line with 2 vertices was successfully imported.
            Error: Import is not implemented for: KiCadLib.PCB.PCBLine
            Event: Line with 2 vertices was successfully imported.
            Event: Rect was successfully imported.
            Event: Rect was successfully imported.
            Event: Text 'user ${REFERENCE}' was successfully imported.
            Event: Pad 1 on [-1,-0] was successfully imported.
            Event: Pad 2 on [1,-0] was successfully imported.
        EndSection
        Section : Component SW1 importing.
            Error: Import is not implemented for: KiCadLib.PCB.PCBLine
            Event: Line with 2 vertices was successfully imported.
            Error: Import is not implemented for: KiCadLib.PCB.PCBLine
            Event: Line with 2 vertices was successfully imported.
            Error: Import is not implemented for: KiCadLib.PCB.PCBLine
            Event: Line with 2 vertices was successfully imported.
            Error: Import is not implemented for: KiCadLib.PCB.PCBLine
            Event: Line with 2 vertices was successfully imported.
            Error: Import is not implemented for: KiCadLib.PCB.PCBLine
            Event: Line with 13 vertices was successfully imported.
            Error: Import is not implemented for: KiCadLib.PCB.PCBLine
            Event: Line with 2 vertices was successfully imported.
            Error: Import is not implemented for: KiCadLib.PCB.PCBLine
            Event: Line with 2 vertices was successfully imported.
            Error: Import is not implemented for: KiCadLib.PCB.PCBLine
            Event: Line with 2 vertices was successfully imported.
            Error: Import is not implemented for: KiCadLib.PCB.PCBLine
            Event: Line with 2 vertices was successfully imported.
            Error: Import is not implemented for: KiCadLib.PCB.PCBLine
            Event: Line with 2 vertices was successfully imported.
            Event: Rect was successfully imported.
            Event: Text 'user ${REFERENCE}' was successfully imported.
            Event: Pad 1 on [0,-0] was successfully imported.
            Event: Pad 1 on [6.5,-0] was successfully imported.
            Event: Pad 2 on [0,-4.5] was successfully imported.
            Event: Pad 2 on [6.5,-4.5] was successfully imported.
        EndSection
        Section : Component U2 importing.
            Error: Import is not implemented for: KiCadLib.PCB.PCBLine
            Event: Line with 3 vertices was successfully imported.
            Error: Import is not implemented for: KiCadLib.PCB.PCBLine
            Event: Line with 2 vertices was successfully imported.
            Event: Graphical polygone with 4 vertices was successfully imported.
            Error: Import is not implemented for: KiCadLib.PCB.PCBLine
            Event: Line with 5 vertices was successfully imported.
            Error: Import is not implemented for: KiCadLib.PCB.PCBLine
            Event: Line with 2 vertices was successfully imported.
            Error: Import is not implemented for: KiCadLib.PCB.PCBLine
            Event: Line with 2 vertices was successfully imported.
            Error: Import is not implemented for: KiCadLib.PCB.PCBLine
            Event: Line with 2 vertices was successfully imported.
            Error: Import is not implemented for: KiCadLib.PCB.PCBLine
            Event: Line with 2 vertices was successfully imported.
            Error: Import is not implemented for: KiCadLib.PCB.PCBLine
            Event: Line with 2 vertices was successfully imported.
            Event: Text 'user ${REFERENCE}' was successfully imported.
            Event: Pad 1 on [-1.35,0.95] was successfully imported.
            Event: Pad 2 on [-1.35,-0] was successfully imported.
            Event: Pad 3 on [-1.35,-0.95] was successfully imported.
            Event: Pad 4 on [1.35,-0.95] was successfully imported.
            Event: Pad 5 on [1.35,0.95] was successfully imported.
        EndSection
        Section : Component C5 importing.
            Error: Import is not implemented for: KiCadLib.PCB.PCBLine
            Event: Line with 2 vertices was successfully imported.
            Error: Import is not implemented for: KiCadLib.PCB.PCBLine
            Event: Line with 2 vertices was successfully imported.
            Event: Rect was successfully imported.
            Event: Rect was successfully imported.
            Event: Text 'user ${REFERENCE}' was successfully imported.
            Event: Pad 1 on [-1.0375,-0] was successfully imported.
            Event: Pad 2 on [1.0375,-0] was successfully imported.
        EndSection
        Section : Component C3 importing.
            Error: Import is not implemented for: KiCadLib.PCB.PCBLine
            Event: Line with 2 vertices was successfully imported.
            Error: Import is not implemented for: KiCadLib.PCB.PCBLine
            Event: Line with 2 vertices was successfully imported.
            Event: Rect was successfully imported.
            Event: Rect was successfully imported.
            Event: Text 'user ${REFERENCE}' was successfully imported.
            Event: Pad 1 on [-1.0375,-0] was successfully imported.
            Event: Pad 2 on [1.0375,-0] was successfully imported.
        EndSection
        Section : Component R1 importing.
            Error: Import is not implemented for: KiCadLib.PCB.PCBLine
            Event: Line with 2 vertices was successfully imported.
            Error: Import is not implemented for: KiCadLib.PCB.PCBLine
            Event: Line with 2 vertices was successfully imported.
            Event: Rect was successfully imported.
            Event: Rect was successfully imported.
            Event: Text 'user ${REFERENCE}' was successfully imported.
            Event: Pad 1 on [-1,-0] was successfully imported.
            Event: Pad 2 on [1,-0] was successfully imported.
        EndSection
        Section : Component R5 importing.
            Error: Import is not implemented for: KiCadLib.PCB.PCBLine
            Event: Line with 2 vertices was successfully imported.
            Error: Import is not implemented for: KiCadLib.PCB.PCBLine
            Event: Line with 2 vertices was successfully imported.
            Event: Rect was successfully imported.
            Event: Rect was successfully imported.
            Event: Text 'user ${REFERENCE}' was successfully imported.
            Event: Pad 1 on [-1,-0] was successfully imported.
            Event: Pad 2 on [1,-0] was successfully imported.
        EndSection
        Section : Component U1 importing.
            Error: Import is not implemented for: KiCadLib.PCB.PCBLine
            Event: Line with 3 vertices was successfully imported.
            Error: Import is not implemented for: KiCadLib.PCB.PCBLine
            Event: Line with 2 vertices was successfully imported.
            Event: Graphical polygone with 4 vertices was successfully imported.
            Error: Import is not implemented for: KiCadLib.PCB.PCBLine
            Event: Line with 5 vertices was successfully imported.
            Error: Import is not implemented for: KiCadLib.PCB.PCBLine
            Event: Line with 2 vertices was successfully imported.
            Error: Import is not implemented for: KiCadLib.PCB.PCBLine
            Event: Line with 2 vertices was successfully imported.
            Error: Import is not implemented for: KiCadLib.PCB.PCBLine
            Event: Line with 2 vertices was successfully imported.
            Error: Import is not implemented for: KiCadLib.PCB.PCBLine
            Event: Line with 2 vertices was successfully imported.
            Error: Import is not implemented for: KiCadLib.PCB.PCBLine
            Event: Line with 2 vertices was successfully imported.
            Event: Text 'user ${REFERENCE}' was successfully imported.
            Event: Pad 1 on [-1.35,0.95] was successfully imported.
            Event: Pad 2 on [-1.35,-0] was successfully imported.
            Event: Pad 3 on [-1.35,-0.95] was successfully imported.
            Event: Pad 4 on [1.35,-0.95] was successfully imported.
            Event: Pad 5 on [1.35,0.95] was successfully imported.
        EndSection
        Section : Component U3 importing.
            Error: Import is not implemented for: KiCadLib.PCB.PCBLine
            Event: Line with 4 vertices was successfully imported.
            Error: Import is not implemented for: KiCadLib.PCB.PCBLine
            Event: Line with 4 vertices was successfully imported.
            Event: Graphical polygone with 4 vertices was successfully imported.
            Error: Import is not implemented for: KiCadLib.PCB.PCBLine
            Event: Line with 3 vertices was successfully imported.
            Error: Import is not implemented for: KiCadLib.PCB.PCBLine
            Event: Line with 3 vertices was successfully imported.
            Error: Import is not implemented for: KiCadLib.PCB.PCBLine
            Event: Line with 2 vertices was successfully imported.
            Error: Import is not implemented for: KiCadLib.PCB.PCBLine
            Event: Line with 3 vertices was successfully imported.
            Error: Import is not implemented for: KiCadLib.PCB.PCBLine
            Event: Line with 3 vertices was successfully imported.
            Error: Import is not implemented for: KiCadLib.PCB.PCBLine
            Event: Line with 2 vertices was successfully imported.
            Error: Import is not implemented for: KiCadLib.PCB.PCBLine
            Event: Line with 3 vertices was successfully imported.
            Error: Import is not implemented for: KiCadLib.PCB.PCBLine
            Event: Line with 3 vertices was successfully imported.
            Error: Import is not implemented for: KiCadLib.PCB.PCBLine
            Event: Line with 2 vertices was successfully imported.
            Error: Import is not implemented for: KiCadLib.PCB.PCBLine
            Event: Line with 9 vertices was successfully imported.
            Error: Import is not implemented for: KiCadLib.PCB.PCBLine
            Event: Line with 2 vertices was successfully imported.
            Error: Import is not implemented for: KiCadLib.PCB.PCBLine
            Event: Line with 2 vertices was successfully imported.
            Error: Import is not implemented for: KiCadLib.PCB.PCBLine
            Event: Line with 2 vertices was successfully imported.
            Error: Import is not implemented for: KiCadLib.PCB.PCBLine
            Event: Line with 2 vertices was successfully imported.
            Error: Import is not implemented for: KiCadLib.PCB.PCBLine
            Event: Line with 2 vertices was successfully imported.
            Error: Import is not implemented for: KiCadLib.PCB.PCBLine
            Event: Line with 2 vertices was successfully imported.
            Error: Import is not implemented for: KiCadLib.PCB.PCBLine
            Event: Line with 2 vertices was successfully imported.
            Event: Text 'user KEEP-OUT ZONE' was successfully imported.
            Event: Text 'user Antenna' was successfully imported.
            Event: Text 'user 5 mm' was successfully imported.
            Event: Text 'user 5 mm' was successfully imported.
            Event: Text 'user ${REFERENCE}' was successfully imported.
            Event: Pad Un1 on [-0.14,0.9] was successfully imported.
            Event: Pad Un2 on [-0.14,-0.2] was successfully imported.
            Event: Pad Un3 on [-0.14,-1.3] was successfully imported.
            Event: Pad Un4 on [0.96,0.9] was successfully imported.
            Event: Pad Un5 on [0.96,-0.2] was successfully imported.
            Event: Pad Un6 on [0.96,-1.3] was successfully imported.
            Event: Pad Un7 on [2.06,0.9] was successfully imported.
            Event: Pad Un8 on [2.06,-0.2] was successfully imported.
            Event: Pad Un9 on [2.06,-1.3] was successfully imported.
            Event: Pad 1 on [-8.75,6] was successfully imported.
            Event: Pad 2 on [-8.75,4.5] was successfully imported.
            Event: Pad 3 on [-8.75,3] was successfully imported.
            Event: Pad 4 on [-8.75,1.5] was successfully imported.
            Event: Pad 5 on [-8.75,-0] was successfully imported.
            Event: Pad 6 on [-8.75,-1.5] was successfully imported.
            Event: Pad 7 on [-8.75,-3] was successfully imported.
            Event: Pad 8 on [-8.75,-4.5] was successfully imported.
            Event: Pad 9 on [-8.75,-6] was successfully imported.
            Event: Pad 10 on [8.75,-6] was successfully imported.
            Event: Pad 11 on [8.75,-4.5] was successfully imported.
            Event: Pad 12 on [8.75,-3] was successfully imported.
            Event: Pad 13 on [8.75,-1.5] was successfully imported.
            Event: Pad 14 on [8.75,-0] was successfully imported.
            Event: Pad 15 on [8.75,1.5] was successfully imported.
            Event: Pad 16 on [8.75,3] was successfully imported.
            Event: Pad 17 on [8.75,4.5] was successfully imported.
            Event: Pad 18 on [8.75,6] was successfully imported.
            Event: Pad 19 on [-0.14,0.35] was successfully imported.
            Event: Pad 19 on [-0.14,-0.75] was successfully imported.
            Event: Pad 19 on [0.41,0.9] was successfully imported.
            Event: Pad 19 on [0.41,-0.2] was successfully imported.
            Event: Pad 19 on [0.41,-1.3] was successfully imported.
            Event: Pad 19 on [0.96,0.35] was successfully imported.
            Event: Pad 19 on [0.96,-0.2] was successfully imported.
            Event: Pad 19 on [0.96,-0.75] was successfully imported.
            Event: Pad 19 on [1.51,0.9] was successfully imported.
            Event: Pad 19 on [1.51,-0.2] was successfully imported.
            Event: Pad 19 on [1.51,-1.3] was successfully imported.
            Event: Pad 19 on [2.06,0.35] was successfully imported.
            Event: Pad 19 on [2.06,-0.75] was successfully imported.
        EndSection
        Section : Component D1 importing.
            Error: Import is not implemented for: KiCadLib.PCB.PCBLine
            Event: Line with 4 vertices was successfully imported.
            Event: Rect was successfully imported.
            Error: Import is not implemented for: KiCadLib.PCB.PCBLine
            Event: Line with 2 vertices was successfully imported.
            Error: Import is not implemented for: KiCadLib.PCB.PCBLine
            Event: Line with 2 vertices was successfully imported.
            Error: Import is not implemented for: KiCadLib.PCB.PCBLine
            Event: Line with 2 vertices was successfully imported.
            Error: Import is not implemented for: KiCadLib.PCB.PCBLine
            Event: Line with 2 vertices was successfully imported.
            Error: Import is not implemented for: KiCadLib.PCB.PCBLine
            Event: Line with 2 vertices was successfully imported.
            Event: Text 'user ${REFERENCE}' was successfully imported.
            Event: Pad 1 on [-1.025,-0] was successfully imported.
            Event: Pad 2 on [1.025,-0] was successfully imported.
        EndSection
        Section : Component R4 importing.
            Error: Import is not implemented for: KiCadLib.PCB.PCBLine
            Event: Line with 2 vertices was successfully imported.
            Error: Import is not implemented for: KiCadLib.PCB.PCBLine
            Event: Line with 2 vertices was successfully imported.
            Event: Rect was successfully imported.
            Event: Rect was successfully imported.
            Event: Text 'user ${REFERENCE}' was successfully imported.
            Event: Pad 1 on [-1,-0] was successfully imported.
            Event: Pad 2 on [1,-0] was successfully imported.
        EndSection
        Section : Component J3 importing.
            Error: Import is not implemented for: KiCadLib.PCB.PCBLine
            Event: Line with 5 vertices was successfully imported.
            Error: Import is not implemented for: KiCadLib.PCB.PCBLine
            Event: Line with 3 vertices was successfully imported.
            Error: Import is not implemented for: KiCadLib.PCB.PCBLine
            Event: Line with 5 vertices was successfully imported.
            Error: Import is not implemented for: KiCadLib.PCB.PCBLine
            Event: Line with 2 vertices was successfully imported.
            Error: Import is not implemented for: KiCadLib.PCB.PCBLine
            Event: Line with 2 vertices was successfully imported.
            Error: Import is not implemented for: KiCadLib.PCB.PCBLine
            Event: Line with 2 vertices was successfully imported.
            Error: Import is not implemented for: KiCadLib.PCB.PCBLine
            Event: Line with 2 vertices was successfully imported.
            Error: Import is not implemented for: KiCadLib.PCB.PCBLine
            Event: Line with 2 vertices was successfully imported.
            Event: Text 'user ${REFERENCE}' was successfully imported.
            Event: Pad 1 on [0,-0] was successfully imported.
            Event: Pad 2 on [0,-2.54] was successfully imported.
            Event: Pad 3 on [0,-5.08] was successfully imported.
            Event: Pad 4 on [0,-7.62] was successfully imported.
        EndSection
        Section : Component GND importing.
            Event: Rect was successfully imported.
            Event: Rect was successfully imported.
            Event: Text 'user ${REFERENCE}' was successfully imported.
            Event: Pad 1 on [0,-0] was successfully imported.
        EndSection
        Section : Component J2 importing.
            Error: Import is not implemented for: KiCadLib.PCB.PCBLine
            Event: Line with 3 vertices was successfully imported.
            Error: Import is not implemented for: KiCadLib.PCB.PCBLine
            Event: Line with 2 vertices was successfully imported.
            Error: Import is not implemented for: KiCadLib.PCB.PCBLine
            Event: Line with 2 vertices was successfully imported.
            Error: Import is not implemented for: KiCadLib.PCB.PCBLine
            Event: Line with 5 vertices was successfully imported.
            Error: Import is not implemented for: KiCadLib.PCB.PCBLine
            Event: Line with 8 vertices was successfully imported.
            Error: Import is not implemented for: KiCadLib.PCB.PCBLine
            Event: Line with 5 vertices was successfully imported.
            Error: Import is not implemented for: KiCadLib.PCB.PCBLine
            Event: Line with 2 vertices was successfully imported.
            Error: Import is not implemented for: KiCadLib.PCB.PCBLine
            Event: Line with 2 vertices was successfully imported.
            Event: Rect was successfully imported.
            Event: Rect was successfully imported.
            Error: Import is not implemented for: KiCadLib.PCB.PCBLine
            Event: Line with 2 vertices was successfully imported.
            Error: Import is not implemented for: KiCadLib.PCB.PCBLine
            Event: Line with 2 vertices was successfully imported.
            Event: Rect was successfully imported.
            Event: Text 'user ${REFERENCE}' was successfully imported.
            Event: Pad 1 on [0,-0] was successfully imported.
            Event: Pad 2 on [2,-0] was successfully imported.
        EndSection
        Section : Component R2 importing.
            Error: Import is not implemented for: KiCadLib.PCB.PCBLine
            Event: Line with 2 vertices was successfully imported.
            Error: Import is not implemented for: KiCadLib.PCB.PCBLine
            Event: Line with 2 vertices was successfully imported.
            Event: Rect was successfully imported.
            Event: Rect was successfully imported.
            Event: Text 'user ${REFERENCE}' was successfully imported.
            Event: Pad 1 on [-1,-0] was successfully imported.
            Event: Pad 2 on [1,-0] was successfully imported.
        EndSection
    EndSection
